CUTOFF_TIME_FOR_RESULTS_MIXING,Traffic-scenario,Transformer-capacity,Scenario,Algorithm,Run_number,weight_obj_cost,proportion_delivered,demands_fully_met,peak_current,demand_charge,energy_cost_all,energy_cost_1,energy_cost_120,energy_cost_123,energy_cost_126,energy_cost_129,total_energy_delivered,total_energy_requested,aggregate_power_total,num_time_steps,timestamp:0,timestamp:1,timestamp:2,timestamp:3,timestamp:4,timestamp:5,timestamp:6,timestamp:7,timestamp:8,timestamp:9,timestamp:10,timestamp:11,timestamp:12,timestamp:13,timestamp:14,timestamp:15,timestamp:16,timestamp:17,timestamp:18,timestamp:19,timestamp:20,timestamp:21,timestamp:22,timestamp:23,timestamp:24,timestamp:25,timestamp:26,timestamp:27,timestamp:28,timestamp:29,timestamp:30,timestamp:31,timestamp:32,timestamp:33,timestamp:34,timestamp:35,timestamp:36,timestamp:37,timestamp:38,timestamp:39,timestamp:40,timestamp:41,timestamp:42,timestamp:43,timestamp:44,timestamp:45,timestamp:46,timestamp:47,timestamp:48,timestamp:49,timestamp:50,timestamp:51,timestamp:52,timestamp:53,timestamp:54,timestamp:55,timestamp:56,timestamp:57,timestamp:58,timestamp:59,timestamp:60,timestamp:61,timestamp:62,timestamp:63,timestamp:64,timestamp:65,timestamp:66,timestamp:67,timestamp:68,timestamp:69,timestamp:70,timestamp:71,timestamp:72,timestamp:73,timestamp:74,timestamp:75,timestamp:76,timestamp:77,timestamp:78,timestamp:79,timestamp:80,timestamp:81,timestamp:82,timestamp:83,timestamp:84,timestamp:85,timestamp:86,timestamp:87,timestamp:88,timestamp:89,timestamp:90,timestamp:91,timestamp:92,timestamp:93,timestamp:94,timestamp:95,timestamp:96,timestamp:97,timestamp:98,timestamp:99,timestamp:100,timestamp:101,timestamp:102,timestamp:103,timestamp:104,timestamp:105,timestamp:106,timestamp:107,timestamp:108,timestamp:109,timestamp:110,timestamp:111,timestamp:112,timestamp:113,timestamp:114,timestamp:115,timestamp:116,timestamp:117,timestamp:118,timestamp:119,timestamp:120,timestamp:121,timestamp:122,timestamp:123,timestamp:124,timestamp:125,timestamp:126,timestamp:127,timestamp:128,timestamp:129,timestamp:130,timestamp:131,timestamp:132,timestamp:133,timestamp:134,timestamp:135,timestamp:136,timestamp:137,timestamp:138,timestamp:139,timestamp:140,timestamp:141,timestamp:142,timestamp:143,timestamp:144,timestamp:145,timestamp:146,timestamp:147,timestamp:148,timestamp:149,timestamp:150,timestamp:151,timestamp:152,timestamp:153,timestamp:154,timestamp:155,timestamp:156,timestamp:157,timestamp:158,timestamp:159,timestamp:160,timestamp:161,timestamp:162,timestamp:163,timestamp:164,timestamp:165,timestamp:166,timestamp:167,timestamp:168,timestamp:169,timestamp:170,timestamp:171,timestamp:172,timestamp:173,timestamp:174,timestamp:175,timestamp:176,timestamp:177,timestamp:178,timestamp:179,timestamp:180,timestamp:181,timestamp:182,timestamp:183,timestamp:184,timestamp:185,timestamp:186,timestamp:187,timestamp:188,timestamp:189,timestamp:190,timestamp:191,timestamp:192,timestamp:193,timestamp:194,timestamp:195,timestamp:196,timestamp:197,timestamp:198,timestamp:199,timestamp:200,timestamp:201,timestamp:202,timestamp:203,timestamp:204,timestamp:205,timestamp:206,timestamp:207,timestamp:208,timestamp:209,timestamp:210,timestamp:211,timestamp:212,timestamp:213,timestamp:214,timestamp:215,timestamp:216,timestamp:217,timestamp:218,timestamp:219,timestamp:220,timestamp:221,timestamp:222,timestamp:223,timestamp:224,timestamp:225,timestamp:226,timestamp:227,timestamp:228,timestamp:229,timestamp:230,timestamp:231,timestamp:232,timestamp:233,timestamp:234,timestamp:235,timestamp:236,timestamp:237,timestamp:238,timestamp:239,timestamp:240,timestamp:241,timestamp:242,timestamp:243,timestamp:244,timestamp:245,timestamp:246,timestamp:247,timestamp:248,timestamp:249,timestamp:250,timestamp:251,timestamp:252,timestamp:253,timestamp:254,timestamp:255,timestamp:256,timestamp:257,timestamp:258,timestamp:259,timestamp:260,timestamp:261,timestamp:262,timestamp:263,timestamp:264,timestamp:265,timestamp:266,timestamp:267,timestamp:268,timestamp:269,timestamp:270,timestamp:271,timestamp:272,timestamp:273,timestamp:274,timestamp:275,timestamp:276,timestamp:277,timestamp:278,timestamp:279,timestamp:280,timestamp:281,timestamp:282,timestamp:283,timestamp:284,timestamp:285,timestamp:286,timestamp:287,timestamp:288,timestamp:289,timestamp:290,timestamp:291,timestamp:292,timestamp:293,timestamp:294,timestamp:295,timestamp:296,timestamp:297,timestamp:298,timestamp:299,timestamp:300,timestamp:301,timestamp:302,timestamp:303,timestamp:304,timestamp:305,timestamp:306,timestamp:307,timestamp:308,timestamp:309,timestamp:310,timestamp:311,timestamp:312,timestamp:313,timestamp:314,timestamp:315,timestamp:316,timestamp:317,timestamp:318,timestamp:319,timestamp:320,timestamp:321,timestamp:322,timestamp:323,timestamp:324,timestamp:325,timestamp:326,timestamp:327,timestamp:328,timestamp:329,timestamp:330,timestamp:331,timestamp:332,timestamp:333,timestamp:334,timestamp:335,timestamp:336,timestamp:337,timestamp:338,timestamp:339,timestamp:340,timestamp:341,timestamp:342,timestamp:343,timestamp:344,timestamp:345,timestamp:346,timestamp:347,timestamp:348,timestamp:349,timestamp:350,timestamp:351,timestamp:352,timestamp:353,timestamp:354,timestamp:355,timestamp:356,timestamp:357,timestamp:358,timestamp:359,timestamp:360,timestamp:361,timestamp:362,timestamp:363,timestamp:364,timestamp:365,timestamp:366,timestamp:367,timestamp:368,timestamp:369,timestamp:370,timestamp:371,timestamp:372,timestamp:373,timestamp:374,timestamp:375,timestamp:376,timestamp:377,timestamp:378,timestamp:379,timestamp:380,timestamp:381,timestamp:382,timestamp:383,timestamp:384,timestamp:385,timestamp:386,timestamp:387,timestamp:388,timestamp:389,timestamp:390,timestamp:391,timestamp:392,timestamp:393,timestamp:394,timestamp:395,timestamp:396,timestamp:397,timestamp:398,timestamp:399,timestamp:400,timestamp:401,timestamp:402,timestamp:403,timestamp:404,timestamp:405,timestamp:406,timestamp:407,timestamp:408,timestamp:409,timestamp:410,timestamp:411,timestamp:412,timestamp:413,timestamp:414,timestamp:415,timestamp:416,timestamp:417,timestamp:418,timestamp:419,timestamp:420,timestamp:421,timestamp:422,timestamp:423,timestamp:424,timestamp:425,timestamp:426,timestamp:427,timestamp:428,timestamp:429,timestamp:430,timestamp:431,timestamp:432,timestamp:433,timestamp:434,timestamp:435,timestamp:436,timestamp:437,timestamp:438,timestamp:439,timestamp:440,timestamp:441,timestamp:442,timestamp:443,timestamp:444,timestamp:445,timestamp:446,timestamp:447,timestamp:448,timestamp:449,timestamp:450,timestamp:451,timestamp:452,timestamp:453,timestamp:454,timestamp:455,timestamp:456,timestamp:457,timestamp:458,timestamp:459,timestamp:460,timestamp:461,timestamp:462,timestamp:463,timestamp:464,timestamp:465,timestamp:466,timestamp:467,timestamp:468,timestamp:469,timestamp:470,timestamp:471,timestamp:472,timestamp:473,timestamp:474,timestamp:475,timestamp:476,timestamp:477,timestamp:478,timestamp:479,timestamp:480,timestamp:481,timestamp:482,timestamp:483,timestamp:484,timestamp:485,timestamp:486,timestamp:487,timestamp:488,timestamp:489,timestamp:490,timestamp:491,timestamp:492,timestamp:493,timestamp:494,timestamp:495,timestamp:496,timestamp:497,timestamp:498,timestamp:499
-1,no-accident,1300,Offline,Offline,1,1,100.0,100.0,5361.75,409.29,713.43,0.0,297.25,311.64,326.05,340.34,6840.0,6840.0,82080.0,240,0.0,0.0,0.0,0.0,0.0,0.0,0.0,0.0,0.0,0.0,0.0,0.0,0.0,0.0,0.0,0.0,0.0,0.0,0.0,0.0,0.0,0.0,0.0,0.0,0.0,0.0,0.0,0.0,0.0,0.0,0.0,0.0,0.0,0.0,0.0,0.0,0.0,0.0,0.0,0.0,0.0,0.0,0.0,0.0,0.0,0.0,0.0,0.0,0.0,0.0,0.0,0.0,0.0,0.0,0.0,0.0,0.0,0.0,0.0,0.0,0.0,0.0,6.7,6.7,20.1,20.1,33.5,46.9,60.3,87.1,100.5,127.3,134.0,147.4,160.8,187.6,207.7,254.6,274.7,288.1,314.9,335.0,361.8,368.5,402.0,415.4,442.2,482.4,509.2,529.3,536.0,549.4,576.2,596.3,643.2,663.3,690.1,723.6,750.4,770.5,770.5,790.6,817.4,830.8,857.6,864.3,871.0,904.2146785094342,924.1395634806403,943.8880665614896,957.0017591077888,983.1730376934074,996.0188537775524,1014.9411246612489,1039.241510404294,1057.02685721823,1068.6982153600882,1081.8080535257725,1088.4960699035303,1104.7178249303363,1105.926137945516,1106.693945652253,1107.4520500344684,1115.244146722059,1107.1332864685658,1102.8473497930854,1094.7650473839487,1099.1875609649671,1103.882085197983,1095.3128216236369,1081.9616626519503,1058.9667662221254,1050.8633882965273,1037.28850522888,1016.7880066590286,1008.3013579197572,993.0967671389119,989.3772217299464,964.9553048985391,954.1890279162537,929.9010290899287,894.3969552161437,870.9706352478272,858.0685757955617,849.5207591159356,832.5207591157479,807.5207591158869,780.2207591158552,740.5207591159083,718.6207591158932,690.0207591158312,658.3207591158557,633.3207591157798,618.6207591157912,613.2207591158613,591.3207591158802,568.1207591159093,551.1207591157745,531.1923308118643,524.4923308119613,513.6266868824588,483.7266868825536,466.7115995044044,452.34028776674245,443.8599158387385,424.4207858176879,417.05534173693627,410.9303151863311,398.94060023591004,378.9206762218207,367.96500962271256,366.25172913298456,361.32306047507643,359.9427982524178,357.9100129782794,349.5378733683397,344.9433106602178,335.44201970221354,337.65682642950776,337.6639737036538,332.79015717667824,333.30045196981376,328.2324974826376,327.512529011654,313.0009355528266,311.03107694042234,303.79527089331947,299.4206286974793,295.16246739598506,289.07074358584447,285.82312455120996,273.2397872199161,267.5424955013872,247.27674807179548,241.2,223.35195051052682,220.85798273466858,207.7,202.0141558654719,180.9,166.28630918271497,147.4,147.4,146.45168103546223,140.7,126.05874225754422,113.9,88.64658800080569,82.59546210441135,73.7,59.734202267728165,50.911353243045916,34.457113243624875,23.94982873987613,19.13801839812296,13.4,7.267647788933772,0.0,0.0,0.0,0.0,0.0,0.0,0.0,0.0,0.0,0.0,0.0,0.0,0.0,0.0,0.0,0.0,0.0,0.0,0.0,0.0,0.0,0.0,0.0
-1,no-accident,1300,Offline,Offline,1,2,100.0,100.0,5362.16,409.33,712.8,0.0,297.25,311.63,326.04,340.34,6840.0,6840.0,82080.0,240,0.0,0.0,0.0,0.0,0.0,0.0,0.0,0.0,0.0,0.0,0.0,0.0,0.0,0.0,0.0,0.0,0.0,0.0,0.0,0.0,0.0,0.0,0.0,0.0,0.0,0.0,0.0,0.0,0.0,0.0,0.0,0.0,0.0,0.0,0.0,0.0,0.0,0.0,0.0,0.0,0.0,0.0,0.0,0.0,0.0,0.0,0.0,0.0,0.0,0.0,0.0,0.0,0.0,0.0,0.0,0.0,0.0,0.0,0.0,0.0,0.0,0.0,6.7,6.7,20.1,20.1,33.5,46.9,60.3,87.1,100.5,127.3,134.0,147.4,160.8,187.6,207.7,254.6,274.7,288.1,314.9,335.0,361.8,368.5,402.0,415.4,442.2,482.4,509.2,529.3,536.0,549.4,576.2,596.3,643.2,663.3,690.1,723.6,750.4,770.5,770.5,790.6,817.4,830.8,857.6,864.3,871.0,904.2063591970569,924.1289284904211,943.9092778094672,957.0222479297272,983.2251769646053,996.1042563947536,1015.0588661498415,1039.319073524067,1057.0731663126098,1068.7338884321866,1081.9548345708472,1088.2265080624727,1104.6699511585743,1105.572007825363,1106.2774387055454,1106.998153090484,1115.3298785119352,1107.2035698404295,1103.142703011283,1094.8717079124367,1099.3976131215372,1104.1702070836134,1095.7846771729942,1082.401966882526,1059.6878764861628,1051.4588325240006,1037.8308064996663,1017.4736193656405,1009.0048452617375,993.9191983200507,990.1910830505889,965.7212246241813,955.0564461869909,930.9191526316625,895.4207857235189,872.0180208319686,859.1351599540141,850.5755379946224,833.5736675131615,808.5736675135837,781.2736675132242,741.5736675133277,719.6736675134623,691.0736675133179,659.3736675134891,634.3736675133789,619.673667513429,614.2736675129568,592.373667513267,569.1736675131759,552.1736675132591,532.2388274324529,525.5388274328274,514.671269997338,484.7712699974462,467.7435450274983,453.21483873557946,444.44127242076144,425.43141426394,417.79221240243237,411.4209058968693,399.19929948516733,379.88410322734114,368.31106188767336,366.6695198915038,362.22060378890455,359.9401116836529,358.12821658555043,350.3495328473413,344.32614929717624,336.19807961246505,338.0021790078312,337.6276646898613,333.380186019995,333.02112140408684,328.83761909008814,325.99622532864873,313.5324555417879,310.60676502782337,304.3165873924044,298.933628615219,295.58681490626225,288.4088240814498,286.0991588133116,271.75465974188955,267.679230249289,244.9867314805038,241.2,221.48751374736406,219.6140462874139,207.7,199.94171629696248,180.9,163.781718625755,147.4,147.4,145.91477026868492,140.7,123.83672724309879,113.01481482600099,87.1,81.42675599148998,73.7,56.56990423986224,46.219851688750914,29.849481529606848,21.60991987962442,16.812057027811328,13.4,2.8070837608906913,0.0,0.0,0.0,0.0,0.0,0.0,0.0,0.0,0.0,0.0,0.0,0.0,0.0,0.0,0.0,0.0,0.0,0.0,0.0,0.0,0.0,0.0,0.0
-1,no-accident,1300,Offline,Offline,1,3,100.0,100.0,5358.39,409.04,712.26,0.0,297.25,311.63,326.04,340.33,6840.0,6840.0,82080.0,240,0.0,0.0,0.0,0.0,0.0,0.0,0.0,0.0,0.0,0.0,0.0,0.0,0.0,0.0,0.0,0.0,0.0,0.0,0.0,0.0,0.0,0.0,0.0,0.0,0.0,0.0,0.0,0.0,0.0,0.0,0.0,0.0,0.0,0.0,0.0,0.0,0.0,0.0,0.0,0.0,0.0,0.0,0.0,0.0,0.0,0.0,0.0,0.0,0.0,0.0,0.0,0.0,0.0,0.0,0.0,0.0,0.0,0.0,0.0,0.0,0.0,0.0,6.7,6.7,20.1,20.1,33.5,46.9,60.3,87.1,100.5,127.3,134.0,147.4,160.8,187.6,207.7,254.6,274.7,288.1,314.9,335.0,361.8,368.5,402.0,415.4,442.2,482.4,509.2,529.3,536.0,549.4,576.2,596.3,643.2,663.3,690.1,723.6,750.4,770.5,770.5,790.6,817.4,830.8,857.6,864.3,871.0,904.219982220407,924.1407436181239,943.9474601123073,957.0605932795604,983.2910934503805,996.1974678629765,1015.1792702252344,1039.4652963755916,1057.1687017015893,1068.816814813933,1081.8777259325925,1088.0047609929595,1104.6129403181285,1105.241133426481,1105.8857029573685,1106.5816625332197,1114.5444822382085,1107.2070429566343,1103.4598803827826,1094.7929793030187,1099.4905846748895,1104.2464833138288,1096.2068452087492,1082.706915942694,1060.4089313463257,1051.8944806126067,1038.1592277519308,1017.9885049408656,1009.4560364191731,994.5507947542707,990.8980766608611,966.2991189610938,955.8177549173063,931.8842592829864,896.3640761555808,872.9692779557585,860.0535257074972,851.5063314765587,834.4840956597217,809.4840956597021,782.1840956598202,742.4840956597608,720.5840956597826,691.9840956596965,660.2840956598369,635.2840956597437,620.5840956597212,615.18409565978,593.2840956598984,570.0840956598621,553.0840956599068,533.1516120023934,526.4516120023997,515.5922170128777,485.69221701299654,468.673061681919,454.1964260837475,445.4557065737466,426.3831136378992,418.74585859331665,412.370625992146,400.12629142958104,380.8043173505628,369.1788810601345,367.5022362273304,363.08606274670956,360.64385305747913,358.79108324370907,351.14590851241223,344.66925309858283,336.95463656621575,338.6275464148237,338.0963279246074,334.079066822026,333.35161753515155,329.50390313242406,325.74045332883026,314.1584565568453,310.7443625050502,304.92772347822745,299.02259441826953,296.1028150388114,288.24895261857307,286.3517238262382,271.0485377395845,267.7855025359725,243.64762984881938,240.43387862993336,221.1,218.96539795210853,207.7,198.7452818267417,180.9,162.00642773233048,147.4,147.4,145.44826376212177,140.7,121.35114151541865,110.26834053905577,87.1,79.41354630745334,68.93071496239529,53.6,39.173898623534384,25.68249133682153,20.1,14.120341191674235,10.817883648595055,0.0,0.0,0.0,0.0,0.0,0.0,0.0,0.0,0.0,0.0,0.0,0.0,0.0,0.0,0.0,0.0,0.0,0.0,0.0,0.0,0.0,0.0,0.0,0.0
-1,no-accident,1300,Offline,Offline,1,4,100.0,100.0,5354.81,408.76,711.62,0.0,297.26,311.63,326.04,340.33,6840.0,6840.0,82080.0,240,0.0,0.0,0.0,0.0,0.0,0.0,0.0,0.0,0.0,0.0,0.0,0.0,0.0,0.0,0.0,0.0,0.0,0.0,0.0,0.0,0.0,0.0,0.0,0.0,0.0,0.0,0.0,0.0,0.0,0.0,0.0,0.0,0.0,0.0,0.0,0.0,0.0,0.0,0.0,0.0,0.0,0.0,0.0,0.0,0.0,0.0,0.0,0.0,0.0,0.0,0.0,0.0,0.0,0.0,0.0,0.0,0.0,0.0,0.0,0.0,0.0,0.0,6.7,6.7,20.1,20.1,33.5,46.9,60.3,87.1,100.5,127.3,134.0,147.4,160.8,187.6,207.7,254.6,274.7,288.1,314.9,335.0,361.8,368.5,402.0,415.4,442.2,482.4,509.2,529.3,536.0,549.4,576.2,596.3,643.2,663.3,690.1,723.6,750.4,770.5,770.5,790.6,817.4,830.8,857.6,864.3,871.0,904.2336167751376,924.1523932898843,943.9886056536925,957.1015446370334,983.3472872168603,996.2938940494658,1015.3176048394755,1039.688622998262,1057.3504499538121,1068.9878735645711,1081.9024221018205,1087.8568478390707,1104.6644155892318,1104.9822450523156,1105.5642869763078,1106.2235066614562,1113.8000943655445,1106.7713035371428,1103.755928239027,1094.7517964599622,1099.593443040484,1104.3409238601923,1096.5966969313588,1083.0204051727383,1061.0811636945075,1052.3546279994443,1038.538342737492,1018.5367319297619,1009.949997371068,995.2073816171264,991.7054676773304,967.0205588504068,956.7368900065027,933.0510279505146,897.4569426567224,874.0667530148866,861.1402631100751,852.6000005397647,835.5605304205615,810.5605304205338,783.2605304205297,743.560530420474,721.6605304203562,693.0605304204983,661.3605304205403,636.3605304205562,621.6605304204703,616.2605304206021,594.3605304205543,571.1605304205457,554.1605304205425,534.2300649411686,527.5300649412414,516.679600237201,486.77960023716713,469.7661419986838,455.34141913793894,446.52422196453136,427.5045537826802,419.90386005125606,413.430873885094,401.1445327036957,381.92296812224316,370.47074867350113,368.69494752563526,364.1740308629841,361.8004783060306,359.8538739013479,352.1912732259152,345.66970062480334,337.9662924948394,339.58542283607034,338.90851708998827,335.0266549887043,334.0086203420835,330.4215349562114,325.81269001404354,315.0068794167238,311.0003576249994,305.75867349446503,299.12407398606405,296.6647800756185,287.92907793724794,286.56913930673255,270.1873050164999,267.89277835487906,242.2463933050722,239.4420070745825,221.1,218.22747682271915,207.7,197.08789656402885,180.9,159.33627680270413,147.4,147.4,144.70331047799675,140.7,117.75972687369276,105.10135311579626,87.1,73.74751620158698,60.65287569840322,49.08238179084752,32.73586561468339,22.809294614724312,17.99376028221399,13.4,5.178858275748752,0.0,0.0,0.0,0.0,0.0,0.0,0.0,0.0,0.0,0.0,0.0,0.0,0.0,0.0,0.0,0.0,0.0,0.0,0.0,0.0,0.0,0.0,0.0,0.0
-1,no-accident,1300,Offline,Offline,1,10,100.0,100.0,5343.81,407.93,706.42,0.0,297.27,311.63,326.01,340.31,6840.0,6840.0,82080.0,240,0.0,0.0,0.0,0.0,0.0,0.0,0.0,0.0,0.0,0.0,0.0,0.0,0.0,0.0,0.0,0.0,0.0,0.0,0.0,0.0,0.0,0.0,0.0,0.0,0.0,0.0,0.0,0.0,0.0,0.0,0.0,0.0,0.0,0.0,0.0,0.0,0.0,0.0,0.0,0.0,0.0,0.0,0.0,0.0,0.0,0.0,0.0,0.0,0.0,0.0,0.0,0.0,0.0,0.0,0.0,0.0,0.0,0.0,0.0,0.0,0.0,0.0,6.7,6.7,20.1,20.1,33.5,46.9,60.3,87.1,100.5,127.3,134.0,147.4,160.8,187.6,207.7,254.6,274.7,288.1,314.9,335.0,361.8,368.5,402.0,415.4,442.2,482.4,509.2,529.3,536.0,549.4,576.2,596.3,643.2,663.3,690.1,723.6,750.4,770.5,770.5,790.6,817.4,830.8,857.6,864.3,871.0,904.2861758742824,924.1928355991955,944.0994146675849,957.2111211955507,983.4543326263367,996.4736387023506,1015.6305742340521,1040.1667212009806,1057.8908443787877,1069.5039606956154,1081.8977496465277,1087.5075097546214,1104.5650871613673,1104.217114924459,1104.5990155501547,1104.7354682779098,1111.5130826509544,1105.254330408727,1102.454556222365,1094.2029186760024,1100.0131372025874,1105.4122676504176,1100.1606860560694,1086.3755204661288,1067.9816186112196,1057.0786708301912,1042.679800716376,1024.040630152131,1015.489060440409,1002.0226238016792,998.0268225873222,975.1260800520782,964.8619437537433,942.013634391302,906.260230380768,882.7633112807295,869.5319837550517,861.1736807575679,844.0326087254278,818.8989109611923,791.5989109611836,751.8989109611325,729.9989109610757,701.3989109611388,669.6989109611958,644.6989109612315,629.9989109611339,624.5989109610855,602.6989109610887,579.4989109610408,562.4989109611807,542.5644298972779,535.8644298973761,525.0273727056725,495.12737270563093,478.14272273264925,464.1535412765606,455.733411682758,435.8416026164939,428.4675725742152,421.6396390115379,408.91030630905163,390.2232885825528,377.4179705266206,375.2896665969016,372.0559398903777,366.36560786384103,364.6733584243174,359.41439230453216,346.16344940182506,344.0045601881461,344.8664231111141,340.87288374008193,341.10183444845154,334.6233222022032,336.0206122130762,318.3176616084679,319.2224130037389,308.691880645589,307.4223847183434,296.9681172228694,294.67617873438013,285.7752082435551,279.12819143421825,267.84835217630564,253.06678256560636,241.2,225.98253137592044,221.1,207.9547861817175,200.56852385291046,180.9,159.80059512878105,147.4,147.4,142.15816321181748,128.48405335293228,109.79009098513524,87.1,76.4142455140982,65.17402927057603,51.95999078551487,35.31445699038808,23.801689135109974,19.021862118888485,13.4,7.004405247464375,0.0,0.0,0.0,0.0,0.0,0.0,0.0,0.0,0.0,0.0,0.0,0.0,0.0,0.0,0.0,0.0,0.0,0.0,0.0,0.0,0.0,0.0,0.0,0.0,0.0,0.0
-1,no-accident,1300,Offline,Offline,1,15,100.0,100.0,5346.45,408.13,702.75,0.0,297.24,311.59,325.98,340.29,6840.0,6840.0,82080.0,240,0.0,0.0,0.0,0.0,0.0,0.0,0.0,0.0,0.0,0.0,0.0,0.0,0.0,0.0,0.0,0.0,0.0,0.0,0.0,0.0,0.0,0.0,0.0,0.0,0.0,0.0,0.0,0.0,0.0,0.0,0.0,0.0,0.0,0.0,0.0,0.0,0.0,0.0,0.0,0.0,0.0,0.0,0.0,0.0,0.0,0.0,0.0,0.0,0.0,0.0,0.0,0.0,0.0,0.0,0.0,0.0,0.0,0.0,0.0,0.0,0.0,0.0,6.7,6.7,20.1,20.1,33.5,46.9,60.3,87.1,100.5,127.3,134.0,147.4,160.8,187.6,207.7,254.6,274.7,288.1,314.9,335.0,361.8,368.5,402.0,415.4,442.2,482.4,509.2,529.3,536.0,549.4,576.2,596.3,643.2,663.3,690.1,723.6,750.4,770.5,770.5,790.6,817.4,830.8,857.6,864.3,871.0,904.2405633430974,924.1370833475321,943.9487539076963,957.0590652757159,983.2993674218498,996.2286291681131,1015.2047567414014,1039.4361241014826,1056.9503862701706,1068.5023728518975,1081.4180236149273,1087.3680631101442,1103.2665041453936,1103.6845890708728,1104.0449571524296,1104.2587299394736,1112.0607743378757,1105.2215422652362,1103.9705398324008,1094.3978349781073,1101.0533770464183,1106.8481645310892,1103.0052241156584,1089.0919705747735,1072.8590389640203,1060.9204840264642,1046.2617390216171,1028.617770682251,1019.9056215690507,1007.2078942733059,1002.4249191319633,981.1961778236779,971.1975196280843,948.4597223914166,912.3936720796256,888.8370316907475,875.3749956959222,867.1697234992923,850.1827322701859,824.7715376848688,797.4715376849184,757.7715376849279,735.8715376848926,707.2715376848853,675.5715376849016,650.5715376849647,635.8715376849062,630.4715376849214,608.571537684951,585.371537684971,568.371537684797,548.4014966731991,541.7014966731829,530.8012641441148,500.9012641439439,483.8471235777709,469.791440448564,460.9671196086573,441.2648680475784,433.28742370516386,425.75242105925776,412.20308279169797,395.395410364722,380.5403042490973,378.36833490978466,375.9095745886203,368.44911095376267,366.4439532160432,363.70595856571566,343.95577144889864,346.14638846483024,348.604551047031,340.4719151196275,343.75185530411534,333.53159763992943,330.6765212744786,317.6449269600054,314.968582991122,309.9167460233058,301.96656235002064,297.82418162261735,288.15473946748745,286.4175180509417,267.72504071516556,262.585246813719,241.2,232.03760884921363,221.1,211.1798421564873,205.82661182015735,180.9,164.49015314373457,147.4,147.4,143.29914744062899,134.68489227077,113.9,90.0994064049545,79.99331982504094,70.39338706175613,53.6,39.97358840212239,24.746558755143987,19.525689311606975,13.4,7.1111094342275285,0.0,0.0,0.0,0.0,0.0,0.0,0.0,0.0,0.0,0.0,0.0,0.0,0.0,0.0,0.0,0.0,0.0,0.0,0.0,0.0,0.0,0.0,0.0,0.0,0.0,0.0,0.0
-1,no-accident,1300,Offline,Offline,1,20,100.0,100.0,5347.91,408.24,699.2,0.0,297.22,311.57,325.96,340.28,6840.0,6840.0,82080.0,240,0.0,0.0,0.0,0.0,0.0,0.0,0.0,0.0,0.0,0.0,0.0,0.0,0.0,0.0,0.0,0.0,0.0,0.0,0.0,0.0,0.0,0.0,0.0,0.0,0.0,0.0,0.0,0.0,0.0,0.0,0.0,0.0,0.0,0.0,0.0,0.0,0.0,0.0,0.0,0.0,0.0,0.0,0.0,0.0,0.0,0.0,0.0,0.0,0.0,0.0,0.0,0.0,0.0,0.0,0.0,0.0,0.0,0.0,0.0,0.0,0.0,0.0,6.7,6.7,20.1,20.1,33.5,46.9,60.3,87.1,100.5,127.3,134.0,147.4,160.8,187.6,207.7,254.6,274.7,288.1,314.9,335.0,361.8,368.5,402.0,415.4,442.2,482.4,509.2,529.3,536.0,549.4,576.2,596.3,643.2,663.3,690.1,723.6,750.4,770.5,770.5,790.6,817.4,830.8,857.6,864.3,871.0,904.2022843193782,924.0888557646041,943.8236823182361,956.9332422412328,983.1109388854164,995.9586906539752,1014.7987238222327,1038.8498000017319,1056.193240012491,1067.7210860101839,1081.0406787986578,1087.2658368574482,1102.1739140290201,1103.3198542781738,1103.554601048585,1103.8102988976002,1112.365250552625,1104.9475238423952,1104.976203686207,1094.4719126028265,1102.0341409651105,1108.3453186555803,1105.659831782096,1091.6543127570635,1077.5719672517127,1064.5404893876,1049.6476410413766,1032.7457726735367,1024.0900598776245,1012.0829351037814,1006.5868536266297,986.8569936378918,976.1744147870403,955.6867853640881,918.326416366154,894.6986187579599,880.9217308563668,872.9025040858842,856.1670758129919,830.5422657418079,803.0826779390726,763.3826779388323,741.4826779389822,712.8826779387435,681.182677938911,656.1826779389572,641.4826779389348,636.0826779389685,614.1826779388712,590.9826779389746,573.982677938868,554.0060189955144,547.3060189954849,536.3667453839907,506.46674538395297,489.7341268547991,475.53762152928283,466.70004094501144,446.59245960555495,438.55418601653224,430.63496722698557,416.6473585402757,400.6054025428269,384.9847304076116,382.5983958523765,378.8783691444588,373.135887910899,369.2905855210555,363.96448749738346,347.8304985231437,348.72288664011137,352.3249828974686,340.49458290506766,342.4776191344274,336.56640045168314,322.55725846343864,319.88034425488,310.2657240642537,308.8567993496165,298.05531231311113,293.5217969334945,286.3013086340887,274.7662539591771,267.9350015051243,245.27078090255281,238.724785650288,221.1,215.2260850678605,207.7,186.17259110680905,172.5902139814885,147.4,147.4,144.7573132161627,140.63507131645142,113.9,96.82240859071536,82.62497071631743,73.03839697011048,53.6,41.135357563068446,24.935928967799445,19.973262763959973,13.4,9.277162871647676,0.0,0.0,0.0,0.0,0.0,0.0,0.0,0.0,0.0,0.0,0.0,0.0,0.0,0.0,0.0,0.0,0.0,0.0,0.0,0.0,0.0,0.0,0.0,0.0,0.0,0.0,0.0,0.0
-1,no-accident,1300,Offline,Offline,1,25,100.0,100.0,5350.41,408.43,695.51,0.0,297.19,311.53,325.93,340.26,6840.0,6840.0,82080.0,240,0.0,0.0,0.0,0.0,0.0,0.0,0.0,0.0,0.0,0.0,0.0,0.0,0.0,0.0,0.0,0.0,0.0,0.0,0.0,0.0,0.0,0.0,0.0,0.0,0.0,0.0,0.0,0.0,0.0,0.0,0.0,0.0,0.0,0.0,0.0,0.0,0.0,0.0,0.0,0.0,0.0,0.0,0.0,0.0,0.0,0.0,0.0,0.0,0.0,0.0,0.0,0.0,0.0,0.0,0.0,0.0,0.0,0.0,0.0,0.0,0.0,0.0,6.7,6.7,20.1,20.1,33.5,46.9,60.3,87.1,100.5,127.3,134.0,147.4,160.8,187.6,207.7,254.6,274.7,288.1,314.9,335.0,361.8,368.5,402.0,415.4,442.2,482.4,509.2,529.3,536.0,549.4,576.2,596.3,643.2,663.3,690.1,723.6,750.4,770.5,770.5,790.6,817.4,830.8,857.6,864.3,870.9731305192377,904.1575223760624,924.0283544212117,943.6792727977543,956.7872709733042,982.8770291038339,995.6337935890772,1014.2110659620994,1037.9999831687123,1055.2828592241854,1066.729176970094,1080.5763224284822,1087.022259396821,1100.8736406774124,1102.9435113965149,1103.0253151955849,1103.2415595997556,1112.8858443983233,1104.5067364643871,1105.3592967679401,1094.6818417922982,1102.736755837886,1109.679086687209,1108.40093297796,1094.1852429138426,1082.5342955692922,1068.2329963100672,1053.0210935922253,1037.2722979520352,1028.485669042528,1017.3773919223999,1010.9752027858175,993.1205786074377,981.5582429378267,962.2830131880703,926.054900126839,900.9478330936296,886.8937901192443,879.1216068683149,862.7616002163327,836.9063878322421,809.1412812545045,769.4412812545869,747.5412812545254,718.9412812545612,687.2412812545879,662.2412812544236,647.541281254464,642.1412812545709,620.2412812547074,597.0412812544408,580.0412812544923,560.0161855656689,553.3161855657042,542.3029008380603,512.4029008379732,495.3887495583862,481.08291121136966,471.5033272757341,452.1350075476574,443.32265877562816,434.4767404656151,419.2260044988767,404.4485815052264,388.81285699661436,385.5701275899563,379.87775092540363,377.6518735284009,370.71661478201827,361.46208516405676,351.78766044420684,350.5817217177217,351.52005624825364,343.8379819757946,340.55643012144424,336.6269383982149,316.5583333378364,316.385562848754,310.86552394404276,302.91167416724596,298.78225552572513,287.0918529917116,283.5462829539615,267.1973123845101,256.3843950332133,241.2,226.25759338138948,220.02046109386418,207.7,194.22196328450445,180.9,148.09598743037927,147.4,146.23747632879756,140.7,118.60015922411615,101.36156734171462,84.87571296501586,73.7,56.23153042948988,45.182400671338215,26.060114859773996,20.1,14.395044092574913,11.833744568196664,0.0,0.0,0.0,0.0,0.0,0.0,0.0,0.0,0.0,0.0,0.0,0.0,0.0,0.0,0.0,0.0,0.0,0.0,0.0,0.0,0.0,0.0,0.0,0.0,0.0,0.0,0.0,0.0,0.0
-1,no-accident,1300,Offline,Offline,1,30,100.0,100.0,5349.51,408.36,691.35,0.0,297.16,311.49,325.87,340.21,6840.0,6840.0,82080.0,240,0.0,0.0,0.0,0.0,0.0,0.0,0.0,0.0,0.0,0.0,0.0,0.0,0.0,0.0,0.0,0.0,0.0,0.0,0.0,0.0,0.0,0.0,0.0,0.0,0.0,0.0,0.0,0.0,0.0,0.0,0.0,0.0,0.0,0.0,0.0,0.0,0.0,0.0,0.0,0.0,0.0,0.0,0.0,0.0,0.0,0.0,0.0,0.0,0.0,0.0,0.0,0.0,0.0,0.0,0.0,0.0,0.0,0.0,0.0,0.0,0.0,0.0,6.7,6.7,20.1,20.1,33.5,46.9,60.3,87.1,100.5,127.3,134.0,147.4,160.8,187.6,207.7,254.6,274.7,288.1,314.9,335.0,361.8,368.5,402.0,415.4,442.2,482.4,509.2,529.3,536.0,549.4,576.2,596.3,643.2,663.3,690.1,723.6,750.4,770.5,770.5,790.6,817.4,830.8,857.6,864.3,870.9347548111931,904.1173180613196,923.8919347958954,943.5403074064486,956.646548848166,982.6171195227768,995.2626675386796,1013.6100478011874,1037.1633819664523,1054.384683876688,1065.7196876601115,1080.049608291347,1086.6965831761877,1099.1733767750231,1101.8311482330478,1101.9171470505325,1102.0894262042464,1112.6978877865918,1102.9603286267388,1103.3990105137743,1095.3317303823126,1102.8559375329778,1110.6912762029206,1111.6978088611538,1097.4233292698893,1090.5210840397567,1073.2759744223783,1057.263500364352,1043.2577938823058,1033.9935474256695,1023.5736998301081,1016.0932782380579,1000.058993694452,987.659629577901,969.2825437290857,934.15485355408,908.5312315911744,893.5380467456092,885.9831273858614,870.0304285980633,843.99577558571,816.5376044450702,776.2875215878987,754.3875215877446,725.7875215878101,694.0875215878026,669.0875215877854,654.3875215878431,648.9875215878435,627.0875215878491,603.8875215878745,586.8875215877399,566.815478692292,560.1154786922505,549.0233365736033,519.1233365736477,501.83745447634357,487.38533026407976,477.03388583845623,458.4196692627063,448.7817354644386,438.9992546006064,417.519246017292,403.0721040744821,390.1937263593232,385.4779888497237,378.7818606219806,379.388228877093,372.3516225594595,358.4755022412454,354.32423939145355,353.42037694790076,350.63219510287695,345.94172495635326,340.0268128786504,328.7453777694317,318.9276342938359,312.09243171660506,309.46085997749003,299.2326513602757,293.17887228993015,286.50322536971277,272.0220466105684,266.04386775457,241.2,233.16667735920836,221.1,210.93372970862757,201.76176472689224,180.9,156.53585960858726,147.4,147.4,140.94223231897968,123.86402106489491,105.92394793236278,86.94435070735634,73.7,59.215665497651656,47.18448956222321,28.59572874319612,20.115682371487342,15.336279453808935,13.4,0.7026343028549604,0.0,0.0,0.0,0.0,0.0,0.0,0.0,0.0,0.0,0.0,0.0,0.0,0.0,0.0,0.0,0.0,0.0,0.0,0.0,0.0,0.0,0.0,0.0,0.0,0.0,0.0,0.0,0.0,0.0
-1,no-accident,1300,Offline,Offline,1,35,100.0,100.0,5351.75,408.53,685.24,0.0,297.13,311.44,325.8,340.12,6840.0,6840.0,82080.0,240,0.0,0.0,0.0,0.0,0.0,0.0,0.0,0.0,0.0,0.0,0.0,0.0,0.0,0.0,0.0,0.0,0.0,0.0,0.0,0.0,0.0,0.0,0.0,0.0,0.0,0.0,0.0,0.0,0.0,0.0,0.0,0.0,0.0,0.0,0.0,0.0,0.0,0.0,0.0,0.0,0.0,0.0,0.0,0.0,0.0,0.0,0.0,0.0,0.0,0.0,0.0,0.0,0.0,0.0,0.0,0.0,0.0,0.0,0.0,0.0,0.0,0.0,6.7,6.7,20.1,20.1,33.5,46.9,60.3,87.1,100.5,127.3,134.0,147.4,160.8,187.6,207.7,254.6,274.7,288.1,314.9,335.0,361.8,368.5,402.0,415.4,442.2,482.4,509.2,529.3,536.0,549.4,576.2,596.3,643.2,663.3,690.1,723.6,750.4,770.5,770.5,790.6,817.4,830.8,857.6,864.2836001907108,870.9169195341693,904.0957256659403,923.8074881074108,943.4491410163522,956.5508179171267,982.3845940247008,994.9551635994405,1013.0911886321653,1036.4676938977489,1053.5919161575166,1064.817513013949,1079.296945342603,1086.1650651574396,1097.2103792461135,1100.6343265196385,1100.6307994983433,1100.7261557439842,1111.030025165273,1100.9131824764759,1101.3905557990424,1094.3484708414408,1100.936325653447,1110.2866595981286,1113.1640852305434,1101.1537258434523,1099.555677089908,1078.3048216370669,1061.5997831735867,1051.1387076481587,1041.820653550381,1034.138955959086,1022.926836814122,1013.3610649739946,997.3015745458936,981.3311481812132,948.2729407903826,921.1342667246905,904.8940760965263,896.592940227089,881.3540600165218,854.9446328542626,828.2510534499522,787.1344343448189,764.9027709381327,736.3027709381877,704.6027709381651,679.6027709381412,664.9027709381367,659.502770938121,637.6027709381399,614.4027709381661,597.4027709381171,577.2620451807572,570.5620451807226,559.2465703447695,529.3465703447563,511.86547260577595,496.23919071619656,482.9700385336395,466.1253500628449,456.9101619951803,443.11131324807474,406.3312974547158,393.72149581268354,384.82124895462124,381.39005747927297,370.1686384352363,373.4491549734524,370.1326778687522,348.4141469038448,351.21582523359245,351.79144808112284,346.29249128714855,339.4287013617865,338.66168321947447,316.1233984038847,313.24580065850887,310.7906290613322,300.9106746879503,297.05442318010955,286.4381427965215,276.70363068197184,267.33361421097084,245.93749274846414,237.93030983381155,221.1,213.99506753299536,207.5236361970596,180.9,163.53619661653818,147.4,147.4,142.15319161353997,128.18677307260734,110.04251173926,87.1,75.68118774949939,63.00561891901879,50.20640128169644,31.658316939993128,21.622975688806807,15.669992186489077,10.611358526728878,0.0,0.0,0.0,0.0,0.0,0.0,0.0,0.0,0.0,0.0,0.0,0.0,0.0,0.0,0.0,0.0,0.0,0.0,0.0,0.0,0.0,0.0,0.0,0.0,0.0,0.0,0.0,0.0,0.0,0.0,0.0
-1,no-accident,1300,Offline,Offline,1,50,100.0,100.0,5343.88,407.93,648.07,0.0,296.99,311.35,325.71,340.0,6840.0,6840.0,82080.0,240,0.0,0.0,0.0,0.0,0.0,0.0,0.0,0.0,0.0,0.0,0.0,0.0,0.0,0.0,0.0,0.0,0.0,0.0,0.0,0.0,0.0,0.0,0.0,0.0,0.0,0.0,0.0,0.0,0.0,0.0,0.0,0.0,0.0,0.0,0.0,0.0,0.0,0.0,0.0,0.0,0.0,0.0,0.0,0.0,0.0,0.0,0.0,0.0,0.0,0.0,0.0,0.0,0.0,0.0,0.0,0.0,0.0,0.0,0.0,0.0,0.0,0.0,6.7,6.7,20.1,20.1,33.5,46.9,60.3,87.1,100.5,127.3,134.0,147.4,160.8,187.6,207.7,254.6,274.7,288.1,314.9,335.0,361.8,368.5,402.0,415.4,442.2,482.4,509.2,529.3,536.0,549.4,576.2,596.3,643.2,663.3,690.1,723.6,750.4,770.5,770.5,790.6,817.4,830.7588204388787,857.0942843842163,863.6753223170164,870.2551097106474,903.0321515014103,922.3316773374112,941.597776906207,954.3231835856467,979.4030826957447,991.673408897118,1009.5230304515703,1032.6473963824085,1049.5341756908633,1060.6073490539327,1076.8509815814796,1086.9857125236163,1102.7674118956345,1102.1088934557051,1107.1349994566283,1104.1434514770237,1111.5261598100292,1103.804975486193,1099.74699275403,1093.5585250226013,1096.2836345344326,1106.482126720442,1110.3749171335792,1101.7076572031428,1104.1372663377924,1096.603340301122,1076.214963366656,1069.087995325879,1066.6500830784614,1063.8374268989628,1049.5606033234503,1050.3971332447138,1031.453693293416,1023.4520859446151,1005.1994522689403,975.0910369468091,955.9366061623747,938.2923958353263,931.7000829078373,920.1924162980281,896.1915627745445,877.2430035646914,836.3472598766764,818.4497872847486,794.4067777156381,764.371848853201,740.1558012278462,721.8884381883198,720.9450881514821,703.0995693463132,676.8988959099133,662.6758819667654,639.3671072951647,634.5784837697576,617.2027507825309,589.5980224149532,567.2833012317456,547.2427350145157,521.9825737951468,507.9629529240403,488.5279277433564,343.0975925964398,331.68743131967517,326.4018984463018,321.5904359288802,315.5442780517683,316.78395715045235,302.5603219735232,300.44849383202956,298.1726524653449,293.73753314810216,285.3020577923998,271.6246435769962,270.8802818917406,263.64931426456474,263.0778975432532,265.5852036382654,254.01093990977958,238.9013924359583,227.32359182798757,213.5616939474383,207.61908353536063,198.5690276835718,179.89043069542993,155.78815428271017,147.4,147.4,141.89052603526827,129.37857852019403,112.54823410978881,87.1,78.24161122895134,68.36357411926866,53.6,40.262998346469274,25.241914099918066,20.1,14.065809953142798,12.138885875959232,0.0,0.0,0.0,0.0,0.0,0.0,0.0,0.0,0.0,0.0,0.0,0.0,0.0,0.0,0.0,0.0,0.0,0.0,0.0,0.0,0.0,0.0,0.0,0.0,0.0,0.0,0.0,0.0,0.0,0.0,0.0,0.0,0.0,0.0
-1,no-accident,1300,Offline,Offline,1,60,100.0,100.0,5501.39,419.95,639.48,0.0,296.34,310.79,325.56,339.88,6840.0,6840.0,82080.0,240,0.0,0.0,0.0,0.0,0.0,0.0,0.0,0.0,0.0,0.0,0.0,0.0,0.0,0.0,0.0,0.0,0.0,0.0,0.0,0.0,0.0,0.0,0.0,0.0,0.0,0.0,0.0,0.0,0.0,0.0,0.0,0.0,0.0,0.0,0.0,0.0,0.0,0.0,0.0,0.0,0.0,0.0,0.0,0.0,0.0,0.0,0.0,0.0,0.0,0.0,0.0,0.0,0.0,0.0,0.0,0.0,0.0,0.0,0.0,0.0,0.0,0.0,6.7,6.7,20.1,20.1,33.5,46.9,60.3,87.1,100.5,127.3,134.0,147.4,160.8,187.6,207.7,254.6,274.7,288.1,314.9,335.0,361.8,368.5,402.0,415.4,442.2,482.4,509.2,529.3,536.0,549.4,576.2,596.3,643.2,663.3,690.1,723.6,750.4,770.4376281800305,770.4376281800306,789.8232929100288,815.5596602842965,828.4353380230061,854.1073290732928,860.5917015835714,867.0757863826277,898.8509747599952,916.9169279477745,935.4754996847867,947.3164145680604,971.0650368678132,982.7588095489202,1000.348284532523,1022.8979760100857,1039.7967281472513,1050.954066149387,1067.4127246269738,1078.0560243499028,1098.3784647762254,1103.0976449254383,1112.3383580840987,1119.4037397961865,1135.8008375504592,1144.2896013102916,1127.328434510148,1104.332210002276,1096.4224667616916,1104.1983707780432,1106.0274097675933,1095.8901589502282,1096.784285499181,1085.4470059836538,1066.985877973643,1059.3716661866574,1055.0261119069387,1048.4326296333402,1035.5761702334937,1030.3508968166252,1021.2914148262224,1007.7846722862041,997.4000741712833,977.6202927760244,955.7421944204895,936.6104899193217,923.07599364511,916.7156792378008,903.6088133079444,882.6612736138765,862.1481876460745,827.7070685884887,811.0103626870373,788.9177565991262,761.4249982678275,738.4470845132109,722.0979774628248,721.0616873644259,707.4892504869357,688.1600266934805,673.6720744575168,657.5900998121496,644.2375608758405,640.1050741989224,623.4936315511883,600.3161005105667,582.9763930533794,567.9782839830167,545.5294084883271,301.73876474282264,288.26447783251876,268.9074653865016,260.44470029508585,255.97146134946976,257.74798326713983,253.28658511206692,236.53537213907677,236.96032321725346,233.79546800268344,232.6576215709755,220.28216563859073,219.21666626246974,212.8722623395603,218.48312732686725,225.32162362486147,227.92769124524315,230.3601456168789,216.13934737446317,214.94969355256242,200.1081851900719,198.03542928602798,203.90891252940457,198.51062434376672,192.46678030333442,178.37923613573884,147.4,147.4,143.0533436034323,128.41379009521157,106.8002314180805,86.52644050693355,73.7,58.571947176585304,47.24318086285391,39.670261815939355,26.8,23.317298839234617,19.057695813755196,13.4,1.399597481640967,0.0,0.0,0.0,0.0,0.0,0.0,0.0,0.0,0.0,0.0,0.0,0.0,0.0,0.0,0.0,0.0,0.0,0.0,0.0,0.0,0.0,0.0,0.0,0.0,0.0,0.0,0.0,0.0,0.0,0.0,0.0
-1,no-accident,1300,Offline,Offline,1,70,100.0,100.0,5533.67,422.42,638.24,0.0,295.78,310.12,324.92,339.6,6840.0,6840.0,82080.0,240,0.0,0.0,0.0,0.0,0.0,0.0,0.0,0.0,0.0,0.0,0.0,0.0,0.0,0.0,0.0,0.0,0.0,0.0,0.0,0.0,0.0,0.0,0.0,0.0,0.0,0.0,0.0,0.0,0.0,0.0,0.0,0.0,0.0,0.0,0.0,0.0,0.0,0.0,0.0,0.0,0.0,0.0,0.0,0.0,0.0,0.0,0.0,0.0,0.0,0.0,0.0,0.0,0.0,0.0,0.0,0.0,0.0,0.0,0.0,0.0,0.0,0.0,6.7,6.7,20.1,20.1,33.5,46.9,60.3,87.1,100.5,127.3,134.0,147.4,160.8,187.6,207.7,254.6,274.7,288.1,314.9,335.0,361.8,368.5,402.0,415.4,442.2,482.4,509.2,529.3,536.0,549.4,576.2,596.3,643.2,663.3,690.1,723.6,750.0764791224948,769.24136362374,769.2413636237341,788.513291825146,814.1332440224239,826.5988213194171,851.9366048802443,858.2220826466823,864.5263386327567,895.6566174067992,913.3131808888656,930.8326946747661,942.5404060087469,965.5919279114365,976.9788347831783,993.6259443306346,1015.7777624085462,1032.2939655566997,1043.2608038391088,1059.488933040967,1069.9425922363578,1089.5918826638606,1094.1859484431156,1103.2848821437644,1112.2546050706205,1129.6637287145652,1138.0307278259,1145.9558666678267,1151.003913159859,1129.1212697136154,1107.3272160925162,1104.449223615175,1094.9130414980975,1093.4166326430686,1085.7484707861036,1063.0273177737952,1054.1749642822454,1052.9758362601385,1046.7792252753277,1037.3122425226516,1027.3274921286404,1025.663784134725,1005.1760139184075,997.8925793159015,982.6660808066141,961.0217957250237,940.7380130974318,924.9120255934249,916.4136138141408,908.206692052171,891.4327101243881,873.5488926063555,844.825067175698,820.8362676656337,802.7579999746961,779.2996583561304,754.5358439572968,734.8683975589906,724.3395377952272,717.6509967845907,698.1266372818837,679.2746236007528,661.5787968851105,647.7522120288459,642.8522513456254,612.2951886723401,590.4557426696983,573.9877206674092,553.7105142102723,534.2328876096497,259.48467764343746,250.32131572078254,240.01149968471245,240.06174915700637,240.39211637017453,248.39209486287191,247.78822174090533,233.73525556689833,239.46756097031192,240.00627036510045,242.07026118278125,229.1258487880019,227.18267293537517,223.86153680921686,225.02086690950006,236.09245574572026,240.70920503161975,230.78326606551562,217.9266194497669,211.3780229797851,203.2335716722624,203.87783118378275,207.7,188.12718624804822,179.59189459132068,147.4,147.4,147.4,143.28967328845354,140.7,117.86616159661675,110.29838948208769,87.1,75.20999413328781,57.87707303277463,42.53294007258203,28.02463489174592,20.695971359523558,11.57287497625029,0.0,0.0,0.0,0.0,0.0,0.0,0.0,0.0,0.0,0.0,0.0,0.0,0.0,0.0,0.0,0.0,0.0,0.0,0.0,0.0,0.0,0.0,0.0,0.0,0.0,0.0,0.0,0.0,0.0,0.0,0.0,0.0,0.0
-1,no-accident,1300,Offline,Offline,1,80,100.0,100.0,5607.64,428.06,636.9,0.0,295.11,309.32,323.98,338.99,6840.0,6840.0,82080.0,240,0.0,0.0,0.0,0.0,0.0,0.0,0.0,0.0,0.0,0.0,0.0,0.0,0.0,0.0,0.0,0.0,0.0,0.0,0.0,0.0,0.0,0.0,0.0,0.0,0.0,0.0,0.0,0.0,0.0,0.0,0.0,0.0,0.0,0.0,0.0,0.0,0.0,0.0,0.0,0.0,0.0,0.0,0.0,0.0,0.0,0.0,0.0,0.0,0.0,0.0,0.0,0.0,0.0,0.0,0.0,0.0,0.0,0.0,0.0,0.0,0.0,0.0,6.7,6.7,20.1,20.1,33.5,46.9,60.3,87.1,100.5,127.3,134.0,147.4,160.8,187.6,207.7,254.6,274.7,288.1,314.9,335.0,361.8,368.5,402.0,415.4,442.2,482.4,509.2,529.3,536.0,549.4,576.2,596.3,643.2,663.3,690.1,723.4631632348041,748.4968882949611,767.3919207448946,767.3919207448971,786.6007350810154,812.0177709885172,824.5654077549054,849.8725075213083,856.0704542337211,862.2977527400768,893.190226891958,907.2111216211447,924.4245578135992,935.9247180695437,958.0973954907986,969.1524190925671,985.7033884128793,1007.4079971735044,1023.5907823708036,1034.4160556097115,1050.1739862342954,1060.5009598594224,1079.6768949019108,1084.3226378448228,1093.5021936458097,1102.3232792325273,1119.3850157134527,1127.7218132410046,1135.831912021681,1143.7855158078469,1154.1516507455376,1166.388480854863,1159.3399309024574,1109.7500925382944,1095.6872825916696,1093.9365052686285,1066.0264035572886,1055.745678654582,1057.3676964311537,1050.1715409685364,1040.8603148052553,1030.1008727986255,1028.3130570292076,1012.7880596043188,1002.7925563019943,989.2702717512229,968.8890631383787,946.8916007664999,930.1303893491374,920.9462246990415,912.5672310608815,895.1873784168532,876.8832988429018,845.2197624394312,822.6738397087483,803.1779232368041,778.1901361603865,754.0781898685584,735.2744009977708,727.7193346177404,718.4651670604837,698.4629070895342,681.0159062521161,662.075121107813,649.8326539857259,644.7343363272569,612.0865739978633,591.5416062024617,574.5354594145361,552.621817378917,532.8027148448676,236.05700843507768,223.373556748226,215.09783386207707,218.39076053721678,218.54064459492454,230.16766973302205,230.41776618070685,218.32793136452742,225.15088907192697,230.2599968351378,234.75878197545097,229.60824764938087,239.52716662702662,226.75501588952199,232.76189679744255,247.07641953662562,248.71258496244246,251.68503618313983,247.97869767424132,236.41490453295526,233.43126363950307,227.7452927290582,220.98159276694602,211.594327675895,200.22597233774522,180.9,152.1745361657951,147.4,146.90142291313262,140.7,123.50781383678431,108.1415811912355,83.12569080973674,57.403762864456,27.4881829429543,14.710926779251622,0.0,0.0,0.0,0.0,0.0,0.0,0.0,0.0,0.0,0.0,0.0,0.0,0.0,0.0,0.0,0.0,0.0,0.0,0.0,0.0,0.0,0.0,0.0,0.0,0.0,0.0,0.0,0.0,0.0,0.0,0.0,0.0,0.0,0.0,0.0,0.0
-1,no-accident,1300,Offline,Offline,1,100,100.0,100.0,5586.28,426.43,635.5,0.0,295.35,309.45,323.98,338.86,6840.0,6840.0,82080.0,240,0.0,0.0,0.0,0.0,0.0,0.0,0.0,0.0,0.0,0.0,0.0,0.0,0.0,0.0,0.0,0.0,0.0,0.0,0.0,0.0,0.0,0.0,0.0,0.0,0.0,0.0,0.0,0.0,0.0,0.0,0.0,0.0,0.0,0.0,0.0,0.0,0.0,0.0,0.0,0.0,0.0,0.0,0.0,0.0,0.0,0.0,0.0,0.0,0.0,0.0,0.0,0.0,0.0,0.0,0.0,0.0,0.0,0.0,0.0,0.0,0.0,0.0,6.7,6.7,20.1,20.1,33.5,46.9,60.3,87.1,100.5,127.3,134.0,147.4,160.8,187.6,207.7,254.6,274.7,288.1,314.9,335.0,361.8,368.5,402.0,415.4,442.2,482.4,509.2,529.3,536.0,549.4,576.2,596.3,643.2,663.3,690.1,723.6,750.4,770.4203428248823,770.4203428248804,790.0858001605493,816.4354951365701,829.3689894239672,855.1942864676372,861.5902188354725,867.9830010677085,898.9565971518646,902.2747298086343,919.3644787580891,930.831500513921,952.7911819046864,963.8125819444153,980.4057257330153,1002.1631188991461,1018.26831366141,1028.7556198705306,1044.1099048299352,1053.6970446743028,1071.9253221629108,1076.3176744892967,1084.950883540447,1093.3359717991752,1109.7471908184984,1117.7032163138279,1125.5868393946266,1133.2251773069188,1144.2270487380988,1155.4658342178225,1161.9467464783074,1135.224758917254,1116.1870076789367,1102.2128984830067,1070.5647558843643,1057.944217607315,1061.420934027646,1060.1737566781628,1052.2049101666296,1046.8347968151268,1041.9336655993716,1037.6535148446353,1023.2922205264931,1014.5577574658861,999.433621438866,973.8089712817357,955.4041722088929,943.814293840491,935.5877683119652,917.3059904909185,897.6864812714954,860.8100030243749,839.1323493561099,813.4064546784051,783.8375788888193,760.056863987241,746.4698020258364,738.4031204745339,714.0783336967041,695.0517907317512,667.2154658584658,659.0956350324507,635.7442933513017,606.858260690503,582.6837615370786,565.058623607233,539.7597200811801,524.1302696874723,502.00000000000773,224.33214795463485,216.20050611762608,216.11724133615937,221.13561604444558,220.01744587965462,233.09011082517964,227.88929985216,224.90434178852001,234.86403859349304,233.46947110183913,239.8889303462939,232.7026713488277,231.42747482193974,227.4153269680142,233.78001001758807,246.16797713253487,246.9270042098319,246.74432580108854,237.95716652410547,220.14643269042023,221.23878210043893,213.04896752448707,212.34241188085903,206.96812658002767,180.9,165.54321581200813,147.4,147.4,144.38723361971168,140.6784628511702,113.9,96.18277408903154,78.51488490449914,57.22249899159766,42.24359915727559,26.219479797603274,8.932023337046559,0.0,0.0,0.0,0.0,0.0,0.0,0.0,0.0,0.0,0.0,0.0,0.0,0.0,0.0,0.0,0.0,0.0,0.0,0.0,0.0,0.0,0.0,0.0,0.0,0.0,0.0,0.0,0.0,0.0,0.0,0.0,0.0,0.0,0.0,0.0
-1,no-accident,1300,Offline,Offline,1,120,90.74,41.23,4700.68,358.83,479.53,0.0,287.08,299.49,312.05,324.72,6206.77,6840.0,74481.24,240,0.0,0.0,0.0,0.0,0.0,0.0,0.0,0.0,0.0,0.0,0.0,0.0,0.0,0.0,0.0,0.0,0.0,0.0,0.0,0.0,0.0,0.0,0.0,0.0,0.0,0.0,0.0,0.0,0.0,0.0,0.0,0.0,0.0,0.0,0.0,0.0,0.0,0.0,0.0,0.0,0.0,0.0,0.0,0.0,0.0,0.0,0.0,0.0,0.0,0.0,0.0,0.0,0.0,0.0,0.0,0.0,0.0,0.0,0.0,0.0,0.0,0.0,6.7,6.7,20.1,20.1,33.5,46.9,60.3,87.1,100.5,127.3,134.0,147.4,160.8,187.6,207.7,254.6,274.7,288.1,314.9,335.0,361.8,368.5,402.0,415.4,442.2,482.4,509.2,529.3,536.0,549.4,576.2,596.3,643.2,662.6493823565156,686.9507170409339,716.1517834962294,737.902459528622,754.1515294706032,754.1515294705802,769.1989309899117,788.4423683135328,797.2796202466546,815.3118205102263,819.7253576804621,824.1678867898074,845.8368740323999,856.7487676000053,868.1682305826364,875.2521072130414,887.6179546141084,893.8619865540637,903.0259525296057,914.3198679397844,922.1303742953863,927.3656708956905,934.735618669982,939.8430001938714,948.6527314739947,950.6965460740278,954.5080760996722,957.8314701568179,963.3882516255409,966.3008297001966,969.2814770398446,972.0337968992924,975.0187971846767,977.4125251520462,977.7423402641048,977.1835550611611,975.2035115811262,973.1195290124698,973.1195290126784,972.9873779122962,971.043988117542,968.7757518523134,967.0627763831366,964.5287169413108,961.7612136361431,958.1080688036352,956.497536045159,954.8089153561787,951.0710866673667,951.071086667347,951.0710866672255,951.0710866672207,951.0710866671517,951.0710866673392,951.0710866673268,951.0710866672999,951.0710866673041,951.0710866670771,951.0710866672615,951.0710866672285,951.0710866672165,951.0710866672968,951.0710866672686,950.6017663008782,950.601766300903,949.6619901851043,949.6619901849513,886.9076879832486,768.4781399177816,670.3187239554021,620.8428517311529,595.3269268302689,564.8140310994096,0.0,0.0,0.0,0.0,0.0,0.0,0.0,0.0,0.0,0.0,0.0,0.0,0.0,0.0,0.0,0.0,0.0,0.0,0.0,0.0,0.0,0.0,0.0,0.0,0.0,0.0,0.0,0.0,0.0,0.0,0.0,0.0,0.0,0.0,0.0,0.0,0.0,0.0,0.0,0.0,0.0,0.0,0.0,0.0,0.0,0.0,0.0,0.0,0.0,0.0,0.0,0.0,0.0,0.0,0.0,0.0,0.0,0.0,0.0,0.0,0.0,0.0,0.0,0.0,0.0,0.0,0.0,0.0,0.0,0.0,0.0,0.0
-1,no-accident,1300,Offline,Offline,1,150,84.81,3.95,4290.2,327.5,453.06,0.0,271.35,281.82,292.52,303.46,5801.13,6840.0,69613.58,240,0.0,0.0,0.0,0.0,0.0,0.0,0.0,0.0,0.0,0.0,0.0,0.0,0.0,0.0,0.0,0.0,0.0,0.0,0.0,0.0,0.0,0.0,0.0,0.0,0.0,0.0,0.0,0.0,0.0,0.0,0.0,0.0,0.0,0.0,0.0,0.0,0.0,0.0,0.0,0.0,0.0,0.0,0.0,0.0,0.0,0.0,0.0,0.0,0.0,0.0,0.0,0.0,0.0,0.0,0.0,0.0,0.0,0.0,0.0,0.0,0.0,0.0,6.7,6.7,20.1,20.1,33.5,46.9,60.3,87.1,100.5,127.3,134.0,147.4,160.8,187.6,207.7,254.6,274.7,288.1,314.9,335.0,361.8,368.5,402.0,415.4,442.2,482.4,509.2,529.3,536.0,549.4,576.2,594.7052029978539,634.5487793152943,650.1858939530667,669.8740570722603,689.4351265788117,702.6776242991057,711.4984977154883,711.498497715492,719.2376755782785,728.073791181135,732.0834059011781,735.7814802037373,736.5639490874446,737.5205938230135,745.1798445822632,749.5952811217362,754.630903264878,757.6434080697039,764.1722178342917,767.2649296594789,772.026046355434,778.5254269551376,783.7447012297653,786.1073151214194,790.3919962751579,793.0486474894053,799.6949576312395,801.62057653197,805.3318910345508,809.3049986023067,817.7770302662497,822.4434571682906,827.5941672902459,832.9267681977257,840.5431555710687,850.839792808816,859.7427492051338,866.4152483327315,877.557909073682,889.1124455198976,889.1124455201641,890.391792976272,892.2386345837549,892.3626047891044,891.3770670077325,889.3997512263044,887.6432633076965,885.9135391736834,885.1102469931079,884.3738305974551,883.2783416681087,883.2783416681481,883.2783416681052,883.2783416680822,883.278341668074,883.2783416683262,883.2783416680905,883.2783416682079,883.2783416682443,883.2783416680704,883.278341668024,883.2783416680599,883.2783416682506,883.2783416679592,883.2783416680711,882.5205716856723,882.520571685565,881.1390344252835,881.1390344249066,879.8083528962328,878.5169203841815,877.2747848259104,874.8774719185669,873.7289364231669,856.9179565176931,1.184806588550971,1.0839540799859309,1.0010990535115853,0.8668876652685724,0.7978622943415312,0.7176197533681643,0.7032730488621971,0.6967465695491294,0.687604143876236,0.6748509206421589,0.6530654595469897,0.6478013864091854,0.6242308491030361,0.6156675787983172,0.5991948443540642,0.5755457584417168,0.5609740464237527,0.5499172618957316,0.5461810637686578,0.5387359302446448,0.5238136228448352,0.512159718880266,0.48201476069286686,0.46820358557647646,0.4488370788691606,0.4210654643338719,0.3975445320229872,0.38005830342775154,0.3800583032661505,0.36189510554938414,0.3378457480067598,0.3261910510699771,0.30276230296918155,0.29690166976471505,0.29106464487916195,0.26168495787944973,0.2452812098717889,0.23104694474730436,0.2229254445818431,0.2123388653883123,0.21067428481167383,0.2166900757525319,0.22213432996892385,0.21311369724172943,0.20515204298328446,0.19244165558994772,0.18383788293082562,0.16737155199460843,0.16328216945659338,0.1550236469351477,0.14684861154244155,0.13009344630046307,0.12204916478337943,0.11440495339045388,0.10817002875146861,0.10052309776756631,0.09033849400537008,0.08348333051791038,0.07790961494071275,0.0628194189090797,0.04334968013156962,0.04334968013156962,0.042393559881793656,0.053539167382976025,0.047591542683716063,0.038168860648458876,0.019378832504681694,0.012426031170104792,0.006832963966139298,0.005541689453737441,0.004127418745537209,0.0
-1,no-accident,1300,Offline,Offline,1,160,84.31,7.89,4247.35,324.23,450.5,0.0,270.64,281.18,291.98,303.02,5766.94,6840.0,69203.25,240,0.0,0.0,0.0,0.0,0.0,0.0,0.0,0.0,0.0,0.0,0.0,0.0,0.0,0.0,0.0,0.0,0.0,0.0,0.0,0.0,0.0,0.0,0.0,0.0,0.0,0.0,0.0,0.0,0.0,0.0,0.0,0.0,0.0,0.0,0.0,0.0,0.0,0.0,0.0,0.0,0.0,0.0,0.0,0.0,0.0,0.0,0.0,0.0,0.0,0.0,0.0,0.0,0.0,0.0,0.0,0.0,0.0,0.0,0.0,0.0,0.0,0.0,6.7,6.7,20.1,20.1,33.5,46.9,60.3,87.1,100.5,127.3,134.0,147.4,160.8,187.6,207.7,254.6,274.7,288.1,314.9,335.0,361.8,368.5,402.0,415.4,442.2,482.4,509.2,529.3,536.0,549.4,576.2,595.6161649863687,636.4869556263106,652.1243321232747,670.3874328530887,688.392678467613,699.8622230008596,707.7111416520518,707.7111416520568,715.9274431880929,723.7008306983325,726.4688403384043,729.8852959112625,730.9765731659056,732.0321984749588,739.3237275156688,742.6061814445511,746.1160455635938,749.0231559445757,755.8524284706991,758.9079788897429,764.8187999423235,774.8716550624259,782.7858846384496,786.5698850210085,792.4793358197533,796.249507460898,804.0201584793635,806.2363219581896,810.9548956379509,815.9149300562987,825.9107322436348,830.521987574093,835.5504392426039,841.3703794977871,849.0758310342732,857.5467844601073,864.705826824007,869.0717909131607,875.1289066617524,880.8314897819739,880.8314897820163,881.3316060336386,883.3729543242796,883.4492211883022,882.6671146783482,879.4647260531382,877.7935632575891,877.1880733503444,877.0099130329921,876.5747012900742,875.9746003743736,875.9746003740307,875.9746003741527,875.9746003744656,875.9746003740712,875.9746003740306,875.974600374101,875.9746003745598,875.9746003745041,875.9746003743736,875.9746003740973,875.9746003744833,875.9746003744466,875.9746003739879,875.9746003741676,875.2189631530612,875.2189631530545,873.7726787669769,873.7726787668578,872.3274579563013,870.8851936935121,869.4781441650645,866.7158363872105,840.5246619312859,785.90799194953,0.0,0.0,0.0,0.0,0.0,0.0,0.0,0.0,0.0,0.0,0.0,0.0,0.0,0.0,0.0,0.0,0.0,0.0,0.0,0.0,0.0,0.0,0.0,0.0,0.0,0.0,0.0,0.0,0.0,0.0,0.0,0.0,0.0,0.0,0.0,0.0,0.0,0.0,0.0,0.0,0.0,0.0,0.0,0.0,0.0,0.0,0.0,0.0,0.0,0.0,0.0,0.0,0.0,0.0,0.0,0.0,0.0,0.0,0.0,0.0,0.0,0.0,0.0,0.0,0.0,0.0,0.0,0.0,0.0,0.0,0.0,0.0
-1,no-accident,1300,Offline,Offline,1,170,87.2,15.35,4384.12,334.67,463.55,0.0,276.8,287.85,299.13,310.63,5964.59,6840.0,71575.03,240,0.0,0.0,0.0,0.0,0.0,0.0,0.0,0.0,0.0,0.0,0.0,0.0,0.0,0.0,0.0,0.0,0.0,0.0,0.0,0.0,0.0,0.0,0.0,0.0,0.0,0.0,0.0,0.0,0.0,0.0,0.0,0.0,0.0,0.0,0.0,0.0,0.0,0.0,0.0,0.0,0.0,0.0,0.0,0.0,0.0,0.0,0.0,0.0,0.0,0.0,0.0,0.0,0.0,0.0,0.0,0.0,0.0,0.0,0.0,0.0,0.0,0.0,6.7,6.7,20.1,20.1,33.5,46.9,60.3,87.1,100.5,127.3,134.0,147.4,160.8,187.6,207.7,254.6,274.7,288.1,314.9,335.0,361.8,368.5,402.0,415.4,442.2,482.4,509.2,529.3,536.0,549.4,576.2,596.3,639.5454407335901,656.5394519278866,677.3140852540997,699.4239608752704,715.0889483549882,724.8568232891173,724.8568232891713,734.2706996379201,746.4630063415449,752.937496558059,764.4422298497072,767.3089955672436,769.8477748961949,781.1248165065094,789.046925836572,795.544818550294,800.0303611106665,808.5549605817376,813.1741019650262,818.321901084665,824.8020369654433,829.482879289167,832.3975594978042,836.346783452139,838.1556741054487,843.9424417252824,845.5994812003139,849.4029077061899,853.5749900974957,862.8967472880819,867.7910906073265,872.6296071486736,877.462761661346,884.1698360036231,892.2961747599152,896.7050881373659,898.3697764909402,901.9022665745931,906.4701822405721,906.4701822405518,907.215986252491,909.381611894857,911.1342416515554,910.6234017651651,911.1084517228759,911.8972650322054,911.3459832819452,911.0534638788065,911.0141011443171,910.7086766590994,910.7086766593416,910.7086766589722,910.7086766589141,910.7086766591169,910.7086766589937,908.8481683875792,907.678078598058,907.6780785979421,907.6780785983683,907.6780785983289,907.6206320540982,901.9230197223995,901.9230197220037,901.923019722404,900.6958452358342,896.7476209321281,896.3407873638605,891.8482713237984,888.4023336812088,886.8484863216681,885.4671737649758,889.3468875248316,883.6449844818485,840.4735084053453,0.0,0.0,0.0,0.0,0.0,0.0,0.1406204168890236,0.2928859967390536,0.193963243668993,0.20558370671128784,0.7447318061673548,0.8817122084611488,1.3427181778344726,1.3578992906429486,1.3585033541425389,1.4547707775447487,1.572869168784402,1.7200447597091106,1.7819386221613924,1.9241162361862625,2.20509224872617,1.7092117414290324,0.0,0.0,0.0,0.0,0.0,0.0011915131637912017,0.0011915131991109829,0.05302454549754967,0.09829773422458521,0.07252392597884018,0.0,0.0,0.0,0.0,0.0,0.0,0.0,0.0,0.0,0.0,0.0,0.0,0.0,0.0,0.0,0.0,0.0,0.0,0.0,0.0,0.0,0.0,0.0,0.0,0.0,0.0,0.0,0.10804727521859911,0.0,0.0,0.0,0.0,0.0,0.17843247852790914,0.371217264061173,0.4663085639661874,0.3626970215492758,0.2663844552291066,0.11180866046647366,0.0
-1,no-accident,1300,Offline,Offline,1,175,89.11,28.07,4562.66,348.29,471.48,0.0,281.95,293.99,306.22,318.55,6095.45,6840.0,73145.38,240,0.0,0.0,0.0,0.0,0.0,0.0,0.0,0.0,0.0,0.0,0.0,0.0,0.0,0.0,0.0,0.0,0.0,0.0,0.0,0.0,0.0,0.0,0.0,0.0,0.0,0.0,0.0,0.0,0.0,0.0,0.0,0.0,0.0,0.0,0.0,0.0,0.0,0.0,0.0,0.0,0.0,0.0,0.0,0.0,0.0,0.0,0.0,0.0,0.0,0.0,0.0,0.0,0.0,0.0,0.0,0.0,0.0,0.0,0.0,0.0,0.0,0.0,6.7,6.7,20.1,20.1,33.5,46.9,60.3,87.1,100.5,127.3,134.0,147.4,160.8,187.6,207.7,254.6,274.7,288.1,314.9,335.0,361.8,368.5,402.0,415.4,442.2,482.4,509.2,529.3,536.0,549.4,576.2,596.3,640.9567994479272,658.1561016930256,679.6850233962059,704.1009406539786,721.0492872605375,733.22734109404,733.2273410940334,745.0422494027347,762.429693848612,770.9949273426882,787.4011457347234,791.5382131940298,795.365625405126,814.7495783853988,825.1719655327183,834.5532705193207,840.806671051386,853.6411311170489,859.906415016598,869.3028004853616,881.1324551571468,890.4905879733224,896.2051471629318,904.614698006975,910.3933614804718,920.1468448714007,922.2931856470274,926.41532797646,930.1144390498299,937.5565276909736,941.061187406043,943.9968309816111,946.6294976653265,949.0211926993722,949.0325288541483,947.6753549106611,947.314936010319,945.9353810431894,942.8578603459713,942.8578603458526,942.494727033582,940.8911504501875,937.4306118060028,934.3008979920966,929.4432329127346,926.5425111473361,923.5529170603334,922.2374314886281,920.8563586814555,918.9609124481201,918.9609124482159,918.96091244864,918.9609124480228,917.9667272442427,915.9353084162702,915.935308416033,915.9353084163638,914.0489386228048,910.0368078637783,910.03680786381,906.0826181215436,899.5367881768088,891.3138072091504,880.0949489690257,878.7031485280697,869.8153522626401,870.9615273666045,867.7391361026785,867.765697982818,867.0079711924113,864.067392504145,866.2128935275869,827.2800528075151,755.5542787358586,0.0,0.0,0.0,0.0,0.0,0.0,0.0,0.0,0.0,0.0,0.0,0.0,0.0,0.0,0.0,0.0,0.0,0.0,0.0,0.0,0.0,0.0,0.0,0.0,0.0,0.0,0.0,0.0,0.0,0.0,0.0,0.0,0.0,0.0,0.0,0.0,0.0,0.0,0.0,0.0,0.0,0.0,0.0,0.0,0.0,0.0,0.0,0.0,0.0,0.0,0.0,0.0,0.0,0.0,0.0,0.0,0.0,0.0,0.0,0.0,0.0,0.0,0.0,0.0,0.0,0.0,0.0,0.0,0.0,0.0,0.0,0.0
-1,no-accident,1300,Offline,Offline,1,180,89.62,27.19,4596.92,350.91,474.02,0.0,283.52,295.7,308.05,320.48,6130.16,6840.0,73561.96,240,0.0,0.0,0.0,0.0,0.0,0.0,0.0,0.0,0.0,0.0,0.0,0.0,0.0,0.0,0.0,0.0,0.0,0.0,0.0,0.0,0.0,0.0,0.0,0.0,0.0,0.0,0.0,0.0,0.0,0.0,0.0,0.0,0.0,0.0,0.0,0.0,0.0,0.0,0.0,0.0,0.0,0.0,0.0,0.0,0.0,0.0,0.0,0.0,0.0,0.0,0.0,0.0,0.0,0.0,0.0,0.0,0.0,0.0,0.0,0.0,0.0,0.0,6.7,6.7,20.1,20.1,33.5,46.9,60.3,87.1,100.5,127.3,134.0,147.4,160.8,187.6,207.7,254.6,274.7,288.1,314.9,335.0,361.8,368.5,402.0,415.4,442.2,482.4,509.2,529.3,536.0,549.4,576.2,596.3,642.4637875528874,660.9993250178262,683.971056519032,709.6739336216494,727.8571084466693,740.6903734121469,740.6903734121337,752.90295951861,769.660638378337,777.9691581827132,794.7866044278854,799.0398498084787,803.3651132269304,823.9412596810535,833.2099319791364,843.1998474656898,849.7047021940928,862.0671488628416,868.3368414643703,877.4275037418367,889.7861614191966,898.5752816164132,904.7376014804424,913.5395415133794,919.4003715254441,930.2189505152277,932.5823660376097,936.9820205393738,940.6090527476024,947.2211776598498,950.2589106850485,953.0777797286611,954.956775334112,956.1600317493537,955.4819643529876,954.2247948089677,953.4567113336014,951.4657701213746,946.5120746395448,946.5120746392764,945.5142961521557,942.0957458372188,937.2412740274638,934.3549152250802,931.3297254769185,928.8263463070855,926.1443651576704,924.598833567105,922.6374781918673,918.8647489824486,918.8647489823403,918.8647489826686,918.8647489825316,918.8647489822786,918.8647489823456,918.8647489823916,918.8647489822482,918.8647489826055,918.86474898239,918.0789721720452,916.3198460098349,916.3198460096812,916.3198460096912,910.7438362203116,901.397761710416,883.2412902303048,878.4698247397658,875.9737978426252,877.4669170214001,879.3451228996989,878.9722199508194,862.4953189836615,765.1319329218929,719.8802271505639,0.0,0.0,0.0,0.0,0.0,0.0,0.0,0.0,0.0,0.0,0.0,0.0,0.0,0.0,0.0,0.0,0.0,0.0,0.0,0.0,0.0,0.0,0.0,0.0,0.0,0.0,0.0,0.0,0.0,0.0,0.0,0.0,0.0,0.0,0.0,0.0,0.0,0.0,0.0,0.0,0.0,0.0,0.0,0.0,0.0,0.0,0.0,0.0,0.0,0.0,0.0,0.0,0.0,0.0,0.0,0.0,0.0,0.0,0.0,0.0,0.0,0.0,0.0,0.0,0.0,0.0,0.0,0.0,0.0,0.0,0.0,0.0
-1,no-accident,1300,Offline,Offline,1,185,90.34,20.61,4635.02,353.82,478.0,0.0,286.67,299.02,311.51,324.04,6179.56,6840.0,74154.68,240,0.0,0.0,0.0,0.0,0.0,0.0,0.0,0.0,0.0,0.0,0.0,0.0,0.0,0.0,0.0,0.0,0.0,0.0,0.0,0.0,0.0,0.0,0.0,0.0,0.0,0.0,0.0,0.0,0.0,0.0,0.0,0.0,0.0,0.0,0.0,0.0,0.0,0.0,0.0,0.0,0.0,0.0,0.0,0.0,0.0,0.0,0.0,0.0,0.0,0.0,0.0,0.0,0.0,0.0,0.0,0.0,0.0,0.0,0.0,0.0,0.0,0.0,6.7,6.7,20.1,20.1,33.5,46.9,60.3,87.1,100.5,127.3,134.0,147.4,160.8,187.6,207.7,254.6,274.7,288.1,314.9,335.0,361.8,368.5,402.0,415.4,442.2,482.4,509.2,529.3,536.0,549.4,576.2,596.3,643.2,662.5892617172304,687.0435349051712,716.1239067794146,737.7629785886326,753.2939399031435,753.2939399031455,768.0838546922148,786.7946766560593,795.4824587805315,813.3575296874479,817.7684091178266,822.203598755027,843.7033028746944,854.206566116925,865.1694545857084,871.9815662331421,883.9812790956623,889.6501913860301,897.9487754813706,908.6562950855814,916.349154266533,921.4815805683737,929.259658432468,934.3449682936028,944.2491060518588,946.495362190539,950.4732388067422,953.7340531126526,958.9897281652228,961.2424668313927,963.0400175966204,964.0849075691825,963.972531718729,962.3706488384325,959.6042622136679,957.1672919895605,952.9190538545782,947.1273450756818,947.1273450756984,946.089709009474,941.256243821456,935.6806914365249,933.0657726907177,929.3581601393603,926.5832937201781,922.9419650370953,921.2046263524591,919.4931411320041,915.8651525237372,915.8651525238201,915.8651525235568,915.8651525231218,915.865152523461,915.8651525234621,915.865152523184,915.8651525235755,915.8651525236,915.8651525236412,915.8651525234238,915.8651525237202,915.8651525234468,915.8651525236241,915.86515252344,915.3411250562775,915.3411250562801,914.3176427467672,914.317642746921,913.1932706821808,912.0688225657503,910.9880373021437,817.3298293759385,744.568489912061,694.5340432478289,0.0,0.0,0.0,0.0,0.0,0.0,0.0,0.0,0.0,0.0,0.0,0.0,0.0,0.0,0.0,0.0,0.0,0.0,0.0,0.0,0.0,0.0,0.0,0.0,0.0,0.0,0.0,0.0,0.0,0.0,0.0,0.0,0.0,0.0,0.0,0.0,0.0,0.0,0.0,0.0,0.0,0.0,0.0,0.0,0.0,0.0,0.0,0.0,0.0,0.0,0.0,0.0,0.0,0.0,0.0,0.0,0.0,0.0,0.0,0.0,0.0,0.0,0.0,0.0,0.0,0.0,0.0,0.0,0.0,0.0,0.0,0.0
-1,no-accident,1300,Offline,Offline,1,190,91.54,50.44,4754.81,362.96,483.19,0.0,288.89,301.51,314.26,327.1,6261.3,6840.0,75135.54,240,0.0,0.0,0.0,0.0,0.0,0.0,0.0,0.0,0.0,0.0,0.0,0.0,0.0,0.0,0.0,0.0,0.0,0.0,0.0,0.0,0.0,0.0,0.0,0.0,0.0,0.0,0.0,0.0,0.0,0.0,0.0,0.0,0.0,0.0,0.0,0.0,0.0,0.0,0.0,0.0,0.0,0.0,0.0,0.0,0.0,0.0,0.0,0.0,0.0,0.0,0.0,0.0,0.0,0.0,0.0,0.0,0.0,0.0,0.0,0.0,0.0,0.0,6.7,6.7,20.1,20.1,33.5,46.9,60.3,87.1,100.5,127.3,134.0,147.4,160.8,187.6,207.7,254.6,274.7,288.1,314.9,335.0,361.8,368.5,402.0,415.4,442.2,482.4,509.2,529.3,536.0,549.4,576.2,596.3,643.2,662.7400709367681,687.6484088829907,718.393854616005,741.814184712579,758.8529880237164,758.8529880237415,775.4844670092058,796.116397229347,805.871759887561,824.9599699354239,829.6271647071783,834.399330415621,857.2378963973431,869.6127422771433,881.8966386589282,889.663614144251,903.7533093801059,910.0440814870351,919.2627493954614,930.5790269297843,938.4588956473467,943.5232378896931,950.9871523578703,956.1357886572198,964.692421219962,966.7217502038504,970.2675788261713,973.2665737894822,978.2898299590262,980.9492204220738,983.6859438330263,985.8386804268873,988.2714919456841,989.0003948801829,988.2257503091193,986.8129608871412,983.158559396267,978.9551152980506,978.9551152977484,977.7337735003138,972.7315277942541,966.9785130180337,963.6891069412878,958.6717684723328,955.5653017919382,951.3842038565575,949.2247089507034,947.3448046367406,944.7626661221259,944.7626661222042,944.7626661220645,944.7626661221185,944.7626661228062,944.762666122461,944.7626661226046,944.7626661223156,944.7626661225397,944.762666122782,944.7626661223584,944.7626661225094,944.762666122132,944.7626661227641,944.7626661227522,944.1839526897187,944.1839526897878,943.0607372048099,943.0607372048902,942.1242436533298,875.2752628160168,788.2997951888883,691.9809020080329,601.992384023656,568.126998549379,0.07481865661478126,0.07294698662800367,0.10130877696228009,0.1511230015409182,0.17901079976754602,0.19566143725413432,0.16422267102596516,0.15771364131366042,0.15847489930272954,0.16446403903196735,0.16864482303189027,0.16920173807685213,0.16595746913966253,0.16217949228986892,0.16363859260820054,0.1679658894838698,0.17526139790225095,0.18080070360969938,0.18216583540979714,0.1841054008635412,0.1832773518701361,0.18132948387986758,0.17499274413548754,0.17376940111645955,0.17307976093103924,0.17385557265241788,0.17450444755542235,0.17366286799975877,0.1736628677567551,0.1703253128185127,0.16347686106918458,0.1595847139236236,0.152333730481619,0.15145406661734068,0.15073715704613272,0.1521126256442308,0.15822137131444994,0.16361032985837412,0.16734173722449933,0.17292470656617365,0.17467391632183094,0.1765603628237428,0.17821891930655812,0.17126491774056887,0.165933046543062,0.15645475075582888,0.15081282436861582,0.14295522359658233,0.14102823764088465,0.13715314555041705,0.13246720534820153,0.1204689924913316,0.11366171585769903,0.10721890946786712,0.1014913878633944,0.09352323910391322,0.08292015568549188,0.07808001999639379,0.07384264946749454,0.06974217085742697,0.0588674944906711,0.0588674944906711,0.06363251415677973,0.07596991433320553,0.07854756630596262,0.07298951567114201,0.05400123215643098,0.03368655166955604,0.015441460870287442,0.010030323865690994,0.005321083187501789,0.0
-1,no-accident,1300,Offline,Offline,1,195,88.75,17.98,4459.61,340.43,471.99,0.0,285.13,297.03,309.03,321.08,6070.35,6840.0,72844.18,240,0.0,0.0,0.0,0.0,0.0,0.0,0.0,0.0,0.0,0.0,0.0,0.0,0.0,0.0,0.0,0.0,0.0,0.0,0.0,0.0,0.0,0.0,0.0,0.0,0.0,0.0,0.0,0.0,0.0,0.0,0.0,0.0,0.0,0.0,0.0,0.0,0.0,0.0,0.0,0.0,0.0,0.0,0.0,0.0,0.0,0.0,0.0,0.0,0.0,0.0,0.0,0.0,0.0,0.0,0.0,0.0,0.0,0.0,0.0,0.0,0.0,0.0,6.7,6.7,20.1,20.1,33.5,46.9,60.3,87.1,100.5,127.3,134.0,147.4,160.8,187.6,207.7,254.6,274.7,288.1,314.9,335.0,361.8,368.5,402.0,415.4,442.2,482.4,509.2,529.3,536.0,549.4,576.2,596.3,642.3585863249914,661.0439659719162,685.5610492555134,714.4319807375222,736.3571616554553,751.520023131021,751.5200231310108,765.9064469047097,783.413814129841,791.7883595375288,808.7134617267931,812.8749811519879,816.964089044471,835.8346601965604,844.8220042963459,853.2463096637011,858.6292070397986,869.1120982241652,873.723717747502,880.3177444087052,888.5614313838985,894.7778772604216,898.2722038294643,903.5721499772104,906.8798414114071,912.3595821013106,913.5435623811211,915.7412320180842,917.8373195764099,921.424986811815,923.0700544674587,924.5488913092802,925.8048596677193,927.1080843621406,927.5986602237625,926.788896846477,926.312412019626,924.6597910629632,921.890326767862,921.8903267678972,921.4936629875573,918.8617277689153,916.1373609216971,914.6044834774701,910.5482687142475,907.7051291630661,905.0453803875993,903.7909386279464,902.426697611468,898.2766779506095,898.2766779503418,898.2766779504311,898.2766779505424,898.2766779504657,898.2766779502753,898.2766779503326,898.2766779504705,898.2766779505625,898.2766779503133,898.276677950587,898.2766779504891,898.2766779504726,898.2766779506228,898.2766779506456,897.5992028247825,897.5992028248518,896.2504049701035,896.2504049701525,894.88653821606,893.5893871110139,892.3568058563177,836.261242828575,738.4911102247537,681.6945154946271,0.0031387182251769595,0.006912981750341202,0.011961334174479855,0.01587154233108894,0.016817336754080807,0.02252762580629399,0.023945170851718094,0.02444595390445782,0.024929161584194295,0.024920156863716764,0.024729515015738657,0.024666305948624317,0.023791514352329228,0.023311126972912717,0.02219631557600358,0.020602758609469345,0.01960222065084869,0.01884085381195906,0.01857521776432839,0.01801340115852656,0.01686304798558107,0.016576483819027,0.01729249437671061,0.01766658440358694,0.016499451302723806,0.015036174053795308,0.013756153028354591,0.012263126761421293,0.012263126822961412,0.011746290700267415,0.012152309752920216,0.01331082752520387,0.015307664027384748,0.015566896724930755,0.015746797255127926,0.01568632987958962,0.014815938035418747,0.015244396152858384,0.015482411514795628,0.01690668277065729,0.01746634789289224,0.017967708917930886,0.01816543209573825,0.017397542454188474,0.016879749014815672,0.016049348010938026,0.015485584723462778,0.014377428773446152,0.014138217122947813,0.013660261502986973,0.013143130061330763,0.011760536603303933,0.010919778023362603,0.009948686119898988,0.008857255489244587,0.007279313043613291,0.005020420209153107,0.004967971972337289,0.005266734695598421,0.004676577700284808,0.0045670841136663965,0.0045670841136663965,0.004528918727572706,0.003720360289399251,0.002549984049913953,0.0019423465124555584,0.0007614196269004407,0.00023684766914877425,0.000193160224472393,0.00019107965481441087,0.0001830969287879072,0.0
-1,no-accident,1300,Offline,Offline,1,200,91.1,50.44,5160.96,393.97,479.97,0.0,288.39,301.85,315.65,329.59,6231.43,6840.0,74777.17,240,0.0,0.0,0.0,0.0,0.0,0.0,0.0,0.0,0.0,0.0,0.0,0.0,0.0,0.0,0.0,0.0,0.0,0.0,0.0,0.0,0.0,0.0,0.0,0.0,0.0,0.0,0.0,0.0,0.0,0.0,0.0,0.0,0.0,0.0,0.0,0.0,0.0,0.0,0.0,0.0,0.0,0.0,0.0,0.0,0.0,0.0,0.0,0.0,0.0,0.0,0.0,0.0,0.0,0.0,0.0,0.0,0.0,0.0,0.0,0.0,0.0,0.0,6.7,6.7,20.1,20.1,33.5,46.9,60.3,87.1,100.5,127.3,134.0,147.4,160.8,187.6,207.7,254.6,274.7,288.1,314.9,335.0,361.8,368.5,393.2574612530429,387.04723401053053,335.5318132930621,474.06227397644756,509.2,529.3,536.0,549.4,576.2,596.3,643.2,663.3,690.1,723.3893374483363,749.8490658387764,769.7033719233264,769.7033719233265,786.775825145286,800.3987342242682,805.9791955382082,812.6760378824356,813.9516783498021,815.1623549828757,819.3299402222964,881.6028655647975,896.9129690668809,906.9236867790189,926.6472424718654,935.9804561788966,949.9103826992272,968.1994758353329,980.6772739211978,989.0760393882829,1001.4143697913248,1009.3123470835387,1024.9274133275928,1028.6101517604452,1035.9251348242683,1043.1810454323388,1056.9749971008853,1061.8058451435347,1065.9852196321926,1069.6384545849714,1072.741293014818,1073.4794114571373,1072.4631581082594,1069.113922909842,1064.1699725616195,1057.9135835803252,1056.7765685181662,1049.127852621244,1041.4066175317566,1034.653936656817,1030.7957111702747,1018.5434953097233,1013.2092062485225,998.6037076262094,980.4978938530784,965.4035927853763,935.5254761241492,879.1178663286308,867.1182908388303,856.9172353367641,854.2183214187522,853.5069332589235,843.4188248942407,842.1924698200494,837.878232769543,837.5203415271485,828.0277582618922,822.8293498902989,813.1369616374176,807.5780164952695,800.9439332991203,796.4249254096904,793.3985073878499,790.481839949859,779.462253972647,772.9776082695837,756.1592775320306,745.9809776676062,730.152003627408,709.4876102276625,695.9914397773209,0.0,0.0,0.0,0.0,0.0,0.0,0.0,0.0,0.0,0.0,0.0,0.0,0.0,0.0,0.0,0.0,0.0,0.0,0.0,0.0,0.0,0.0,0.0,0.0,0.0,0.0,0.0,0.0,0.0,0.0,0.0,0.0,0.0,0.0,0.0,0.0,0.0,0.0,0.0,0.0,0.0,0.0,0.0,0.0,0.0,0.0,0.0,0.0,0.0,0.0,0.0,0.0,0.0,0.0,0.0,0.0,0.0,0.0,0.0,0.0,0.0,0.0,0.0,0.0,0.0,0.0,0.0,0.0,0.0,0.0,0.0,0.0
-1,no-accident,1300,Offline,Offline,1,205,82.93,0.0,5816.19,443.98,294.98,0.0,52.89,67.56,82.83,98.48,5672.69,6840.0,68072.26,240,0.0,0.0,0.0,0.0,0.0,0.0,0.0,0.0,0.0,0.0,0.0,0.0,0.0,0.0,0.0,0.0,0.0,0.0,0.0,0.0,0.0,0.0,0.0,0.0,0.0,0.0,0.0,0.0,0.0,0.0,0.0,0.0,0.0,0.0,0.0,0.0,0.0,0.0,0.0,0.0,0.0,0.0,0.0,0.0,0.0,0.0,0.0,0.0,0.0,0.0,0.0,0.0,0.0,0.0,0.0,0.0,0.0,0.0,0.0,0.0,0.0,0.0,0.0001820460350559463,0.0001820460350559463,0.0011620099108378577,0.0011620099108378577,0.0004669852093839289,0.0,0.0,0.0,0.0,0.0,0.0,0.0,0.0,0.0,0.0,0.0,0.0,0.0,0.0,0.0,0.0,0.0,0.0,0.0,0.0,0.0,0.0,0.0,0.0,0.0,0.0,0.0,0.0,0.0,0.0,0.0,0.0,0.0,0.0,0.0,0.0,0.0,0.0,0.0,0.0,0.0,921.3366688509242,940.5116333298212,953.1519425623055,977.9462773755178,989.8890130733389,1007.434489371824,1030.4175932703727,1047.8580867666685,1059.2595150133516,1076.6728867067236,1088.4422102607398,1111.818994847653,1117.5469198972858,1128.932880541263,1140.6560588114485,1163.0820700360389,1174.1468292359923,1185.2525458089451,1195.8307169072657,1209.7678058447536,1207.1092435566586,1205.06984976135,1203.4634377431712,1199.9348891059299,1195.1316388434618,1195.1316388431449,1194.0267447733897,1189.807603360823,1185.7311542346583,1182.6758003502807,1177.4141284021916,1172.7444047536674,1167.4326677837782,1164.3725893278415,1161.2911988230478,1154.0425700327144,1154.0425700327487,1154.0425700326757,1154.0425700326991,1154.0425700328294,1154.0425700325118,1154.0425700326364,1154.0425700329454,1154.0425700328256,1154.042570032465,1154.0425700328078,1154.0425700326698,1154.042570032807,1154.042570032466,1154.0425700325075,1153.0650191584045,1153.0650191582445,1150.8018695827564,1150.8018695826534,1148.131635610607,1145.254917310889,1142.2861871482123,1136.2881782196089,1133.2494081508219,1127.151068989431,0.042349481778959246,0.0,0.0,0.0,0.0,0.0,0.0,0.0,0.0,0.0,0.0,0.0,0.0,0.0,0.0,0.0,0.0,0.0,0.0,0.0,0.0,0.0,0.0,0.0,0.0,0.0,0.0,0.0,0.0,0.0,0.0,0.0,0.007670274079849312,0.009126436333191755,0.005483664691985512,0.0,0.0,0.0,0.0,0.0,0.0,0.0,0.0,0.0,0.0,0.0,0.0,3.049127019170312e-05,4.7600153961760995e-05,5.017851389460431e-05,0.0,0.0,0.0,0.0,0.0,0.0,0.0,0.0,0.0,0.0,0.013775844983155091,0.013775844983155091,0.02728221723702422,0.05338902659010063,0.04331484363815981,0.019125707455433384,0.0,0.0,0.0,0.0,0.0,0.0
-1,no-accident,1300,Offline,Offline,1,210,82.51,0.0,5783.62,441.5,293.48,0.0,52.09,66.57,81.67,97.23,5643.55,6840.0,67722.59,240,0.0,0.0,0.0,0.0,0.0,0.0,0.0,0.0,0.0,0.0,0.0,0.0,0.0,0.0,0.0,0.0,0.0,0.0,0.0,0.0,0.0,0.0,0.0,0.0,0.0,0.0,0.0,0.0,0.0,0.0,0.0,0.0,0.0,0.0,0.0,0.0,0.0,0.0,0.0,0.0,0.0,0.0,0.0,0.0,0.0,0.0,0.0,0.0,0.0,0.0,0.0,0.0,0.0,0.0,0.0,0.0,0.0,0.0,0.0,0.0,0.0,0.0,0.00012284958456058135,0.00012284958456058135,0.0008889955638263916,0.0008889955638263916,0.0005421734753980072,0.0,0.0005822298867093361,0.0,0.0,0.0,0.0,0.0,0.0,0.0,0.0,0.0,0.0,0.0,0.0,0.0,0.0,0.0,0.0,0.0,0.0,0.0,0.0,0.0,0.0,0.0,0.0,0.0,0.0,0.0,0.0,0.0,0.0,0.0,0.0,0.0,0.0,0.0,0.0,0.0,0.0,0.022768907674671986,910.4093445285738,927.8552903759517,939.2561181439088,962.0526675050755,973.3484551920278,990.319663255908,1013.5649823746171,1031.0476745986832,1042.9597105465486,1060.5417982867039,1072.3682379670818,1096.4974425404039,1102.542548345095,1113.8133637521717,1125.6902689870742,1149.6904102714582,1161.5351789117874,1173.6689969417473,1185.1003162273616,1201.5513680061,1202.9920873647532,1201.1885639491086,1199.9470103775875,1196.5858717729916,1192.1191508394522,1192.1191508391648,1191.36689067587,1187.6821173583694,1184.0309992937055,1180.638639815226,1175.4638800309897,1170.6906571792936,1165.2584366490833,1162.5067030581747,1159.5227758248523,1152.4679939465695,1152.4679939465805,1152.4679939464697,1152.4679939464147,1152.4679939465625,1152.4679939464384,1152.4679939463674,1152.4679939464438,1152.4679939463088,1152.4679939464577,1152.4679939463865,1152.4679939463824,1152.4679939465057,1152.4679939463515,1152.4679939464536,1151.709716197979,1151.7097161980216,1150.048897143998,1150.0488971439822,1147.9147259876172,1145.4600050369993,1142.7862041492504,1137.2002637746264,1134.2014271997655,1127.9453630641979,0.0,0.05507591795433236,0.006748758746530336,0.0,0.0,0.0,0.0,0.0,0.0,0.0,0.0,0.0,0.0,0.0,0.0,0.0,0.0,0.0,0.0,0.0,0.0,0.0,0.0,0.0,0.0003516688889511914,0.0,0.0,0.0,0.0,0.0,0.0,0.0,0.0,0.0,0.0,0.0,0.0,0.0,0.0,0.0,0.0,0.0,0.0,0.0,0.0,9.620053939259276e-06,0.004373564451192405,0.03275070671451391,0.03673912812854189,0.03855389340052691,0.030165569406037478,0.003347330547492304,0.00026929180822120487,0.0,0.0,0.0,0.0,0.0,0.0,0.0,0.06116082648524547,0.06116082648524547,0.07710400345834023,0.09587280296501297,0.05782130917393139,0.026012480082888055,0.0,0.0,0.0,0.0,0.0,0.0
-1,no-accident,1300,Offline,Offline,1,215,82.29,0.0,5774.66,440.81,292.71,0.0,51.76,66.18,81.22,96.72,5628.57,6840.0,67542.88,240,0.0,0.0,0.0,0.0,0.0,0.0,0.0,0.0,0.0,0.0,0.0,0.0,0.0,0.0,0.0,0.0,0.0,0.0,0.0,0.0,0.0,0.0,0.0,0.0,0.0,0.0,0.0,0.0,0.0,0.0,0.0,0.0,0.0,0.0,0.0,0.0,0.0,0.0,0.0,0.0,0.0,0.0,0.0,0.0,0.0,0.0,0.0,0.0,0.0,0.0,0.0,0.0,0.0,0.0,0.0,0.0,0.0,0.0,0.0,0.0,0.0,0.0,0.0006771546685538384,0.0006771546685538384,0.0008006705491333671,0.0008006705491333671,0.0008008001271742042,0.0,0.0,0.0,0.0,0.0,0.0,0.0,0.0,0.0,0.0,0.0,0.0,0.0,0.0,0.0,0.0,0.0,0.0,0.0,0.0,0.0,0.0,0.0,0.0,0.0,0.0,0.0,0.0,0.0,0.0,0.0,0.0,0.0,0.0,0.0,0.0,0.0,0.02205270680504412,0.036105047565909106,0.04898313453108081,0.0916775750739926,904.2954599866209,921.2918418073758,932.4203028579399,954.9188130705581,966.5048226297558,983.5807388373851,1007.124543939837,1024.8748131015561,1036.739158597827,1054.5278659673668,1066.7525855770164,1091.129485279474,1097.2351030468055,1109.2753856072002,1121.194430540525,1144.8180569584629,1156.6266254808288,1168.4525285781272,1179.9982171411937,1196.8184912675263,1201.129926274356,1199.4863888711088,1198.3155325162065,1195.1415910788448,1191.1052884598705,1191.105288460051,1190.306631870387,1187.526535352436,1183.9203147320802,1180.7908412531037,1174.8517813682242,1170.0730340375912,1164.475987058766,1161.090238326978,1157.5594388103648,1150.1794653994784,1150.1794653994184,1150.1794653992156,1150.1794653994018,1150.1794653992415,1150.1794653991471,1150.1794653994114,1150.1794653994878,1150.1794653992688,1150.1794653994943,1150.1794653991376,1150.1794653992806,1150.179465399302,1150.1794653990348,1150.1794653992768,1149.3865673625344,1149.3865673626424,1147.708171489996,1147.7081714900417,1145.8104771121498,1143.752152713056,1141.470026432858,1136.5317662658456,1133.7392830814604,1127.8674824535183,0.30373087066670085,0.014122188009222065,0.00023650795445563487,0.0,0.0,0.0,0.0,0.0,0.0,0.0,0.0,0.0,0.0,0.0,0.0,0.0,0.0,0.0,0.0,0.0,0.0,0.0,0.0,0.0,0.0,0.0,0.0,0.0,0.0,0.0,0.0007029970201838173,0.0012839376189622506,0.0,0.0,0.0,0.0,0.0,0.0,0.0,0.0,0.0,0.0,0.0,0.00044951047088099514,0.0016048096012876729,0.014022489126368989,0.03910851817106186,0.06894191162775858,0.07273128702153255,0.07268543780377934,0.05640361373011523,0.01513597170156664,0.002357791328226087,0.001172269933568017,0.0,0.0,0.0,0.0,0.0,0.002313392032797106,0.09142033768750679,0.09142033768750679,0.10909002613174783,0.12338532142633492,0.0681694812253882,0.018135054826974546,0.0,0.0,0.0,0.0,0.0018470942198657943,0.0
-1,no-accident,1300,Offline,Offline,1,220,82.46,0.0,5758.33,439.57,293.29,0.0,52.32,66.74,81.7,97.12,5640.02,6840.0,67680.26,240,0.0,0.0,0.0,0.0,0.0,0.0,0.0,0.0,0.0,0.0,0.0,0.0,0.0,0.0,0.0,0.0,0.0,0.0,0.0,0.0,0.0,0.0,0.0,0.0,0.0,0.0,0.0,0.0,0.0,0.0,0.0,0.0,0.0,0.0,0.0,0.0,0.0,0.0,0.0,0.0,0.0,0.0,0.0,0.0,0.0,0.0,0.0,0.0,0.0,0.0,0.0,0.0,0.0,0.0,0.0,0.0,0.0,0.0,0.0,0.0,0.0,0.0,0.0005879573400160668,0.0005879573400160668,0.0016208749325562295,0.0016208749325562295,0.00447249049360835,0.0025141831465526642,0.0,0.0,0.0,0.0,0.0,0.0,0.0,0.0,0.0,0.0,0.0,0.0,0.0,0.0,0.0,0.0,0.0,0.0,0.0,0.0,0.0,0.0,0.0,0.0,0.0,0.0,0.0,0.0,0.0,0.0,0.0,0.0,0.0,0.0,0.0,0.0,0.0,0.0,0.0,0.0,914.9669840672451,933.0206317716649,945.0137652371468,968.4848708793179,979.918016922669,997.0115478478351,1019.5443086003708,1036.2129834096554,1047.258295455117,1063.550519443765,1074.2230828310876,1094.3732612897577,1099.2313468950572,1109.1586519337097,1119.4385610709387,1140.3530658438988,1150.7740805602045,1161.6566897840798,1172.226694486984,1188.4543727518283,1197.7330818270332,1196.0462660156609,1194.672453792226,1191.3385279740419,1187.6940102922754,1187.6940102921888,1186.886659421746,1185.9051464837867,1184.749457726181,1182.0066263498827,1175.9374926816602,1171.829757646238,1166.6656554463036,1163.6882509071152,1160.2564858823694,1152.3710940126996,1152.3710940127023,1152.3710940124777,1152.371094012488,1152.37109401263,1152.3710940127005,1152.3710940125854,1152.3710940127205,1152.3710940127032,1152.371094012662,1152.371094012578,1152.3710940126973,1152.371094012553,1152.3710940126366,1152.3710940125763,1151.661728507938,1151.6617285075579,1149.7862952187363,1149.786295218741,1147.7468252427973,1145.7127010579748,1143.4960171217367,1138.8542760279583,1136.3377294408908,1130.9562445472438,0.0,0.0,0.0,0.0,0.0,0.0,0.0,0.0,0.0,0.0,0.0,0.0,0.0,0.0,0.000974260459873884,0.0009962468493705191,0.0,0.0,0.0,0.0,0.0,0.0,0.0,0.0,0.0,0.0,0.0,0.0,0.0,0.0,0.0,0.0,0.0,0.0,0.0,0.0,0.0,0.0,0.0,0.0,0.0,0.0,0.0,0.004926147257975365,0.01011687971519768,0.016060605076863084,0.019849645218051853,0.029392009258581927,0.03134252688350963,0.034074154134149395,0.035108770926397824,0.02820300134457844,0.021721670352233526,0.015549372164154897,0.008014748044765947,0.0,0.0,0.0,0.001184277610350056,0.035059866196205734,0.09529347908657526,0.09529347908657526,0.10266733788703822,0.08692028558091212,0.029810682452710912,0.0030751155656102837,0.0,0.0,0.0,0.0,0.0,0.0
-1,no-accident,1300,Offline,Offline,1,225,83.51,0.0,5895.63,450.05,297.03,0.0,53.6,68.67,84.43,100.36,5711.83,6840.0,68541.96,240,0.0,0.0,0.0,0.0,0.0,0.0,0.0,0.0,0.0,0.0,0.0,0.0,0.0,0.0,0.0,0.0,0.0,0.0,0.0,0.0,0.0,0.0,0.0,0.0,0.0,0.0,0.0,0.0,0.0,0.0,0.0,0.0,0.0,0.0,0.0,0.0,0.0,0.0,0.0,0.0,0.0,0.0,0.0,0.0,0.0,0.0,0.0,0.0,0.0,0.0,0.0,0.0,0.0,0.0,0.0,0.0,0.0,0.0,0.0,0.0,0.0,0.0,0.0,0.0,0.0008352327847365628,0.0008352327847365628,0.002108876472062223,0.0,0.0,0.0,0.0,0.020984962135016612,0.021361520378089128,0.017721654958899692,0.008050837177735035,0.0,0.0,0.0,0.0,0.0,0.0,0.0,0.0,0.0,0.0,0.0,0.0,0.0,0.0,0.0,0.0,0.0,0.0,0.0,0.0,0.0,0.0,0.0,0.0,0.0,0.0,0.0,0.0,0.0,0.00022216205575159757,0.0032235534579578987,0.01635704702457313,0.22382841228476888,924.6,944.7,958.1,984.9,998.3,1018.4,1045.2,1065.3,1078.7,1098.8,1112.2,1139.0,1145.7,1159.1,1172.5,1199.3,1212.7,1226.0915775483406,1226.2911626912817,1225.624023965281,1223.3191923580039,1220.4707939799755,1218.192420803558,1213.1715362526438,1206.2298867788138,1206.2298867787663,1204.4648121716496,1196.8164346794933,1188.548761048532,1184.099132592387,1176.8478107626893,1171.6359367499329,1166.455208365897,1163.3894994370658,1159.8182502482034,1151.7240276507289,1151.724027650972,1151.724027650901,1151.7240276509553,1151.7240276509551,1151.7240276509701,1151.7240276511452,1151.7240276508387,1151.724027650798,1151.7240276511022,1151.7240276508312,1151.7240276506916,1151.7240276509158,1151.7240276509986,1151.7240276508503,1150.4794306521298,1150.4794306523395,1148.121016763903,1148.1210167637767,1145.8864289680964,1143.665719812504,1141.3937101440897,1136.8945386098937,1134.6515646309285,1130.0401727086046,0.0,0.0,0.0019486083747433747,0.003367711844079793,0.005923981938816855,0.0,0.0,0.0,0.0,0.0,0.0,0.0,0.0,0.0,0.0,0.0,0.0,0.0,0.0,0.0,0.0,0.0,0.0,0.0,0.0,0.0,0.0006650880859349521,0.002451751813242157,0.0024517519959878615,0.0071899905495255685,0.005418055346157499,0.0006615297363756518,0.0,0.0,0.0,0.0,0.0,0.0,0.0,0.0,0.0015627137049978883,0.00953905058025833,0.020216158026963745,0.017494715998054845,0.016749829829105823,0.017631105026519076,0.020420855039841816,0.03454964434187608,0.04067190283277439,0.054456356070502844,0.06682608769556578,0.08113207074709965,0.08232419464273247,0.07955268583231306,0.06725049471149538,0.00997405134394143,0.0,0.0,0.0007966103311063023,0.014485057408665682,0.046916304305607226,0.046916304305607226,0.05180909104375576,0.04323116816520668,0.00022658149281459027,0.0,0.0,0.0,0.0007332419192778848,0.0,0.0,0.0
-1,no-accident,1300,Offline,Offline,1,230,83.51,0.0,5895.57,450.04,297.03,0.0,53.6,68.66,84.43,100.35,5711.76,6840.0,68541.18,240,0.0,0.0,0.0,0.0,0.0,0.0,0.0,0.0,0.0,0.0,0.0,0.0,0.0,0.0,0.0,0.0,0.0,0.0,0.0,0.0,0.0,0.0,0.0,0.0,0.0,0.0,0.0,0.0,0.0,0.0,0.0,0.0,0.0,0.0,0.0,0.0,0.0,0.0,0.0,0.0,0.0,0.0,0.0,0.0,0.0,0.0,0.0,0.0,0.0,0.0,0.0,0.0,0.0,0.0,0.0,0.0,0.0,0.0,0.0,0.0,0.0,0.0,0.0,0.0,0.0,0.0,0.0,0.0,0.0,0.0,0.0,0.006116463166617827,0.0017627277463556372,0.0,0.0,0.0,0.0,0.0,0.0,0.0,0.0,0.0,0.0,0.0,0.0,0.0,0.0,0.0,0.0,0.0,0.0,0.0,0.0,0.0,0.0,0.0,0.0,0.0,0.0,0.0,0.0,0.0,0.0,0.0,0.0,0.0,0.0,0.0005383749799274214,924.6,944.7,958.1,984.9,998.3,1018.4,1045.2,1065.3,1078.7,1098.8,1112.2,1139.0,1145.7,1159.1,1172.5,1199.3,1212.7,1226.0920614859099,1226.2780712779756,1225.6092275384212,1223.3077716507296,1220.4626885568573,1218.1874041517829,1213.1690925059888,1206.227349770166,1206.2273497702247,1204.4628580960907,1196.8186439835301,1188.5548808525546,1184.105744953277,1176.8638630162586,1172.3138266557928,1166.7771113041003,1163.4792387524494,1159.7908964712353,1151.4872071702034,1151.487207170257,1151.4872071704165,1151.487207170282,1151.4872071703978,1151.4872071704451,1151.4872071705347,1151.4872071703555,1151.4872071704456,1151.4872071702255,1151.487207170281,1151.4872071701195,1151.4872071703367,1151.4872071704303,1151.4872071704524,1150.3142124217616,1150.3142124217657,1148.086274567736,1148.086274567571,1145.9699466609572,1143.8284921457328,1141.689669698806,1137.421117677385,1135.2805996114353,1130.8297034444652,0.0,0.0,0.00094897407323794,0.0027819205417063853,0.0,0.0,0.0,0.0,0.0,0.0,0.0,0.00018069364993064107,0.0,0.0,0.0,0.0,0.0,0.0,0.0,0.0,0.0,0.0,0.0,0.0,0.0,0.0,0.0,0.0,0.0,0.0,0.0,0.0,0.0,0.0,0.0,0.0,0.0,0.0,0.0,0.0,0.0,0.0,0.00703787698290079,0.019219636165198634,0.031506459745482204,0.049937454400338234,0.06012747090869905,0.08425430837178928,0.08955401575270805,0.09782093365509391,0.10261805303415919,0.0851282117598199,0.038203088558526804,0.006314091101826473,0.0,0.0,0.0,0.0,0.0,0.003059380038386047,0.03625867042985344,0.03625867042985344,0.03999207094051294,0.022627417352551863,7.224857282398092e-06,0.0,0.0,0.0,0.0,0.0,0.0,0.0
-1,no-accident,1300,Offline,Offline,1,235,83.5,0.0,5895.57,450.04,297.03,0.0,53.6,68.66,84.43,100.35,5711.73,6840.0,68540.8,240,0.0,0.0,0.0,0.0,0.0,0.0,0.0,0.0,0.0,0.0,0.0,0.0,0.0,0.0,0.0,0.0,0.0,0.0,0.0,0.0,0.0,0.0,0.0,0.0,0.0,0.0,0.0,0.0,0.0,0.0,0.0,0.0,0.0,0.0,0.0,0.0,0.0,0.0,0.0,0.0,0.0,0.0,0.0,0.0,0.0,0.0,0.0,0.0,0.0,0.0,0.0,0.0,0.0,0.0,0.0,0.0,0.0,0.0,0.0,0.0,0.0,0.0,0.0009002213344907997,0.0009002213344907997,0.0018385639829871109,0.0018385639829871109,0.003398436961612397,0.004470692963911427,0.001149695050933949,0.0032495921999367706,0.004990877262035642,0.0,0.0,0.0,0.0,0.0,0.0,0.0,0.0,0.0,0.0,0.0,0.0,0.0,0.0,0.0,0.0,0.0,0.0,0.0,0.0,0.0,0.0,0.0,0.0,0.0,0.0,0.0,0.0,0.0,0.0,0.0,0.0,0.0,0.0,0.0,0.0,0.0,924.6,944.7,958.1,984.9,998.3,1018.4,1045.2,1065.3,1078.7,1098.8,1112.2,1139.0,1145.7,1159.1,1172.5,1199.3,1212.7,1226.0924934189218,1226.2788214981815,1225.6024853663798,1223.2986582958501,1220.4534164570746,1218.1771149920537,1213.1591175006752,1206.2108111991085,1206.210811199358,1204.4459516993495,1196.7985449976302,1188.538073399197,1184.0878630088735,1176.8329381857695,1171.5751981502056,1165.895511902579,1162.8336724806634,1159.5799932679258,1151.9233107036423,1151.9233107038667,1151.9233107039513,1151.9233107040484,1151.9233107039106,1151.9233107036614,1151.923310703698,1151.92331070371,1151.923310703933,1151.9233107036262,1151.9233107037442,1151.9233107038408,1151.923310703855,1151.9233107036448,1151.9233107038838,1150.616427048367,1150.6164270483712,1148.1493810056365,1148.1493810057575,1145.8139082655623,1143.4612540124074,1141.0754560442804,1136.371731545994,1134.0399148888273,1129.210851360091,0.0,0.0,0.0,0.0,0.0520733699304098,0.0,0.0,0.0,0.0,0.0,0.07182854988429399,0.08470801985435548,0.07445935496595506,0.0342172989156891,0.0,0.0,0.0,0.0,0.0,0.0,0.0,0.0,0.0,0.0,0.0,0.0,0.0,0.0,0.0,0.013329393981391387,0.0,0.0,0.0,0.0,0.0,0.0,0.0,0.0,0.0,0.0,0.0,0.0,0.0,0.0,0.004602062977595382,0.029924300218994265,0.03761813096107477,0.023598764634250036,0.014183104842525933,0.0,0.0,0.0,0.0,0.0,0.0,0.0,0.0,0.0,0.00790449001364749,0.0679371054968097,0.09431291439358004,0.09431291439358004,0.09384486802566476,0.04933948192852389,0.0,0.0,0.0,0.0,0.0,0.0,0.0,0.0
-1,no-accident,1300,Offline,Offline,1,240,83.51,0.0,5895.71,450.05,297.05,0.0,53.6,68.66,84.43,100.36,5711.85,6840.0,68542.17,240,0.0,0.0,0.0,0.0,0.0,0.0,0.0,0.0,0.0,0.0,0.0,0.0,0.0,0.0,0.0,0.0,0.0,0.0,0.0,0.0,0.0,0.0,0.0,0.0,0.0,0.0,0.0,0.0,0.0,0.0,0.0,0.0,0.0,0.0,0.0,0.0,0.0,0.0,0.0,0.0,0.0,0.0,0.0,0.0,0.0,0.0,0.0,0.0,0.0,0.0,0.0,0.0,0.0,0.0,0.0,0.0,0.0,0.0,0.0,0.0,0.0,0.0,0.0017519135891754653,0.0017519135891754653,0.0033433660885505718,0.0033433660885505718,0.003617304750323965,0.003385159782025993,0.0048666578610805766,0.006597402172781506,0.008989870854636836,0.0,0.0,0.0,0.0,0.0,0.0,0.0,0.0,0.0,0.0,0.0,0.0,0.0,0.0,0.0,0.0,0.0,0.0,0.0,0.0,0.0,0.0,0.0,0.0,0.0,0.0,0.0,0.0,0.0,0.0,0.0,0.0,0.0,0.0,0.0,0.0,0.0,924.6,944.7,958.1,984.9,998.3,1018.4,1045.2,1065.3,1078.7,1098.8,1112.2,1139.0,1145.7,1159.1,1172.5,1199.3,1212.7,1226.09292832987,1226.3072259922787,1225.6239169901137,1223.3183042719384,1220.4715809635143,1218.1945186918363,1213.176496683771,1206.2224403002117,1206.2224403003631,1204.4575494829835,1196.8090592827616,1188.5532463328323,1184.1021292166336,1176.8441217876566,1171.5846608508855,1165.902460292439,1162.8400937703907,1159.4525474931945,1151.9984932301059,1151.9984932300665,1151.9984932301509,1151.9984932301272,1151.9984932301338,1151.9984932300856,1151.9984932300822,1151.9984932299303,1151.9984932300954,1151.9984932300626,1151.9984932301588,1151.9984932301054,1151.9984932301197,1151.9984932301707,1151.99849323016,1150.6748933118488,1150.6748933118665,1148.1779063406368,1148.1779063406898,1145.8172471998134,1143.4421539369735,1141.018106250036,1136.1673944324566,1133.7333340461348,1128.735398335633,0.3114079868845001,0.11727238472700194,0.0,0.0,0.0,0.0,0.0,0.0,0.0,0.09618602099383518,0.2103155223922152,0.21974669959145357,0.1505792735272287,0.07459000675742976,0.0,0.0,0.0,0.0,0.0,0.0,0.0,0.0,0.0,0.0,0.0,0.0,0.0,0.0,0.0,0.0,0.0,0.0,0.0,0.0,0.0,0.0,0.0,0.0,0.0,0.0,0.00030269416305452816,0.06206903390300507,0.06536884855987497,0.07814223518730606,0.07692074148282083,0.06473860449064434,0.045231971801266625,0.0,0.0,0.0,0.0,0.0,0.0,0.0,0.0,0.0,0.0,0.037406917442084575,0.060655364428390056,0.05179871477494959,0.0385223802021514,0.0385223802021514,0.060940010848226076,0.0,0.0,0.0,0.0,0.0,0.0,0.0,0.0,0.0
-1,no-accident,1300,Offline,Offline,1,245,83.51,0.0,5896.0,450.08,297.14,0.0,53.6,68.66,84.43,100.36,5712.22,6840.0,68546.69,240,0.0,0.0,0.0,0.0,0.0,0.0,0.0,0.0,0.0,0.0,0.0,0.0,0.0,0.0,0.0,0.0,0.0,0.0,0.0,0.0,0.0,0.0,0.0,0.0,0.0,0.0,0.0,0.0,0.0,0.0,0.0,0.0,0.0,0.0,0.0,0.0,0.0,0.0,0.0,0.0,0.0,0.0,0.0,0.0,0.0,0.0,0.0,0.0,0.0,0.0,0.0,0.0,0.0,0.0,0.0,0.0,0.0,0.0,0.0,0.0,0.0,0.0,0.0023914135256931915,0.0023914135256931915,0.004570257526926496,0.004570257526926496,0.004920506946980433,0.00531003859620058,0.009476326466609859,0.015000959432069067,0.006226473689691943,0.0,0.0,0.0,0.0,0.0,0.0,0.0,0.0,0.005226206530651942,0.006267749599368573,0.0,0.0,0.0,0.0,0.0,0.0,0.0,0.0,0.0,0.0,0.0,0.0,0.0,0.0,0.0,0.0,0.0,0.0,0.0,0.0,0.0,0.0,0.0,0.0,0.0,0.0,0.0,924.6,944.7,958.1,984.9,998.3,1018.4,1045.2,1065.3,1078.7,1098.8,1112.2,1139.0,1145.7,1159.1,1172.5,1199.3,1212.7,1226.093689529953,1226.3674449916482,1225.6788473079746,1223.3714930848066,1220.5220295951433,1218.243393999824,1213.2212120017539,1206.2559130710156,1206.2559130709355,1204.4895322838054,1196.8338766944503,1188.5768335299663,1184.1219478074565,1176.8572199812083,1171.5943755424744,1165.9087639726206,1162.8454186651138,1159.6031552047862,1151.952677393354,1151.9526773932955,1151.9526773934037,1151.9526773932673,1151.9526773933555,1151.95267739351,1151.9526773932726,1151.9526773933558,1151.9526773934524,1151.9526773933205,1151.9526773933337,1151.9526773933155,1151.9526773932882,1151.9526773933358,1151.9526773933228,1150.6466997238365,1150.6466997239136,1148.1793605248756,1148.17936052497,1145.8410370680344,1143.4856932617215,1141.0864040782863,1136.2758549643097,1133.852832667252,1128.8840144392852,1.4268098245423948,0.6052180940542002,0.0,0.0,0.0,0.0,0.0,0.0,0.0016859120100948552,0.31119965287352946,0.5658487725491809,0.5953899048186067,0.5355225868548992,0.4231770704483974,0.08707651246254841,0.0,0.0,0.0,0.0,0.0,0.0,0.0,0.0,0.0,0.0,0.014037812481551063,0.06107442631185989,0.0055716447683142895,0.005571644759431355,0.0,0.0,0.0,0.0,0.0,0.0,0.0,0.0,0.0,0.0,0.025899209521464163,0.12927373457159738,0.24457227566868614,0.29460520410573704,0.24318373103916383,0.18269878397253098,0.09198320860606046,0.033858970698683044,0.0,0.0,0.0,0.0,0.0,0.0,0.0,0.0,0.0,0.0,0.0,0.0,0.0,0.0,0.0,0.0,0.0,0.0,0.0,0.0,0.00349634758688973,0.010302967333350614,0.010663749500954195,0.009014207449392696,0.0
-1,no-accident,1300,Offline,Offline,1,250,83.52,0.0,5896.1,450.08,297.23,0.0,53.6,68.66,84.43,100.36,5712.63,6840.0,68551.62,240,0.0,0.0,0.0,0.0,0.0,0.0,0.0,0.0,0.0,0.0,0.0,0.0,0.0,0.0,0.0,0.0,0.0,0.0,0.0,0.0,0.0,0.0,0.0,0.0,0.0,0.0,0.0,0.0,0.0,0.0,0.0,0.0,0.0,0.0,0.0,0.0,0.0,0.0,0.0,0.0,0.0,0.0,0.0,0.0,0.0,0.0,0.0,0.0,0.0,0.0,0.0,0.0,0.0,0.0,0.0,0.0,0.0,0.0,0.0,0.0,0.0,0.0,0.0028956319829384417,0.0028956319829384417,0.005160574028950192,0.005160574028950192,0.008787339763936058,0.0070053954816813,0.0007232489589622739,0.0,0.0,0.0,0.0,0.0,0.0,0.0,0.0,0.0,0.0,0.0,0.0,0.0,0.0,0.0,0.0,0.0,0.0,0.0,0.0,0.0,0.0,0.0,0.0,0.0,0.0,0.0,0.0,0.0,0.0,0.0,0.0,0.0,0.0,0.0,0.0,0.0,0.0,0.0,924.6,944.7,958.1,984.9,998.3,1018.4,1045.2,1065.3,1078.7,1098.8,1112.2,1139.0,1145.7,1159.1,1172.5,1199.3,1212.7,1226.0946034324584,1226.3890555018154,1225.6983842789284,1223.3926519761164,1220.5448249692859,1218.267611221355,1213.2457230470159,1206.2752961002868,1206.2752961002848,1204.50922180574,1196.8537286730063,1188.602804130629,1184.1484015270964,1176.8825897280267,1171.6201268694517,1165.934134065058,1162.9052982386631,1159.543480386163,1151.9588667252003,1151.9588667252606,1151.95886672533,1151.9588667251046,1151.9588667253374,1151.958866725247,1151.9588667253397,1151.9588667253386,1151.9588667253076,1151.9588667252124,1151.9588667253906,1151.9588667254327,1151.9588667253265,1151.9588667252076,1151.9588667252963,1150.6564363400335,1150.6564363401524,1148.198057708862,1148.1980577090414,1145.8701039681546,1143.5315118503904,1141.1488105155354,1136.373999583873,1133.9591938536175,1129.021674533901,2.093431182099106,1.0303066530435117,0.1331837410328574,0.0,0.0,0.0,0.0,0.0,0.03110981006573551,0.47216743534169053,0.8489966663405977,0.8992451133095862,0.8846806147758564,0.7668343161209599,0.3872905715317707,0.0,0.0,0.0,0.0,0.0,0.0,0.0,0.0,0.0,0.0,0.09884016838718608,0.09080217328173726,0.0007008016514493857,0.0007008017068347978,0.0,0.0,0.0,0.0,0.0,0.0,0.0,0.0,0.0,0.0,0.11501749043194236,0.24156143183059064,0.38083962961906737,0.43890334070427667,0.37580690547376555,0.29624839480734527,0.168020404569654,0.08846534919664563,0.0,0.0,0.0,0.0,0.0,0.0,0.0,0.0,0.0,0.0,0.0,0.0,0.0,0.0,0.0,0.0,0.0,0.0,0.0,0.0006079409895555639,0.01280964330349699,0.018188024021744572,0.0167501481900577,0.012943554467046179,0.0
-1,no-accident,1300,Offline,Offline,1,255,83.52,0.0,5896.83,450.14,297.25,0.0,53.6,68.67,84.43,100.36,5712.83,6840.0,68553.99,240,0.0,0.0,0.0,0.0,0.0,0.0,0.0,0.0,0.0,0.0,0.0,0.0,0.0,0.0,0.0,0.0,0.0,0.0,0.0,0.0,0.0,0.0,0.0,0.0,0.0,0.0,0.0,0.0,0.0,0.0,0.0,0.0,0.0,0.0,0.0,0.0,0.0,0.0,0.0,0.0,0.0,0.0,0.0,0.0,0.0,0.0,0.0,0.0,0.0,0.0,0.0,0.0,0.0,0.0,0.0,0.0,0.0,0.0,0.0,0.0,0.0,0.0,0.004048772784372043,0.004048772784372043,0.005083618297311336,0.005083618297311336,0.009042577889228402,0.007934886675109366,0.0,0.0,0.0,0.0,0.0,0.0,0.0,0.0,0.0,0.0,0.0,0.0,0.0,0.0,0.0,0.0,0.02891817771572142,0.045348666265986506,0.03238064788362453,0.0,0.0,0.0,0.0,0.0,0.0,0.0,0.0,0.0,0.0,0.0,0.0,0.0,0.0,0.0,0.0,0.0,0.0,0.0,0.0,0.0,924.6,944.7,958.1,984.9,998.3,1018.4,1045.2,1065.3,1078.7,1098.8,1112.2,1139.0,1145.7,1159.1,1172.5,1199.3,1212.7,1226.0959692702368,1226.5416236458198,1225.8188844722947,1223.4594074793451,1220.509047786315,1218.2332879519754,1213.2104389345661,1206.2381612698246,1206.238161269824,1204.4709761285899,1196.813253167358,1188.5743449263198,1184.1178266793647,1176.8532707076024,1171.5855395553801,1165.8954227468007,1163.058443999193,1159.697718027597,1152.0165005191675,1152.016500519267,1152.0165005193714,1152.016500519043,1152.0165005192239,1152.0165005192753,1152.0165005192046,1152.0165005192282,1152.016500519161,1152.0165005192757,1152.0165005194197,1152.0165005191027,1152.016500519301,1152.0165005192107,1152.0165005193535,1150.7215004621178,1150.721500462046,1148.2785781967502,1148.2785781967423,1145.9263034412004,1143.5782968839965,1141.1931760232083,1136.4099457356303,1133.9855197169677,1129.0492490286008,2.0665544675265033,1.054887987926454,0.10096682636464259,0.0,0.0,0.0,0.0,0.0,0.0,0.3991605598040028,0.7968612863643645,0.8476581174401017,0.8121068375414838,0.6775509214228543,0.26177200325901767,0.0,0.0,0.0,0.0,0.0,0.0,0.0,0.0,0.0,0.0,0.1393396935199019,0.08664170917354062,0.0,0.0,0.0,0.0,0.0,0.0,0.0,0.0,0.0,0.0,0.0,0.0,0.19395349649329416,0.3508413508060471,0.5267023312176502,0.611981728012473,0.5546631596593354,0.45929388199502486,0.29693290404360434,0.1940884303972602,0.0,0.0,0.0,0.0,0.0,0.0,0.0,0.0,0.0,0.0,0.0,0.0,0.0,0.0,0.0,0.0,0.0,0.0,3.957536399703287e-05,0.012251029187885818,0.024061599823876158,0.030204153620965256,0.027449966980144347,0.020178223572471583,0.0
-1,no-accident,1300,Offline,Offline,1,260,83.52,0.0,5898.75,450.29,297.29,0.0,53.6,68.67,84.43,100.36,5713.01,6840.0,68556.14,240,0.0,0.0,0.0,0.0,0.0,0.0,0.0,0.0,0.0,0.0,0.0,0.0,0.0,0.0,0.0,0.0,0.0,0.0,0.0,0.0,0.0,0.0,0.0,0.0,0.0,0.0,0.0,0.0,0.0,0.0,0.0,0.0,0.0,0.0,0.0,0.0,0.0,0.0,0.0,0.0,0.0,0.0,0.0,0.0,0.0,0.0,0.0,0.0,0.0,0.0,0.0,0.0,0.0,0.0,0.0,0.0,0.0,0.0,0.0,0.0,0.0,0.0,0.0050886749489399506,0.0050886749489399506,0.010655300737892384,0.010655300737892384,0.01585073590721269,0.014769428627844632,0.002902804043094796,0.0,0.0,0.0,0.0,0.0,0.0,0.0,0.0,0.0,0.0,0.0,0.0,0.0,0.0,0.0,0.11300015875878161,0.1369165141836888,0.1185325931397341,0.0,0.0,0.0,0.0,0.0,0.0,0.0,0.0,0.0,0.0,0.0,0.0,0.0,0.0,0.0,0.0,0.0,0.0,0.0,0.0,0.0,924.6,944.7,958.1,984.9,998.3,1018.4,1045.2,1065.3,1078.7,1098.8,1112.2,1139.0,1145.7,1159.1,1172.5,1199.3,1212.7,1226.0995613171294,1226.9395980190677,1226.0189048026734,1223.285955763468,1220.3220737972845,1218.0399867438352,1213.0117628307096,1206.0404458460275,1206.0404458461112,1204.2693322135237,1196.602710829811,1188.3753760924278,1183.917334029803,1176.6446024244246,1171.365913290957,1165.6700846157423,1162.8097879576524,1159.5243506878335,1152.1829481061884,1152.1829481060422,1152.1829481061645,1152.1829481061382,1152.1829481061484,1152.1829481061084,1152.1829481062366,1152.1829481062905,1152.1829481061432,1152.1829481061845,1152.1829481062389,1152.1829481061952,1152.182948106105,1152.182948106072,1152.1829481060788,1150.883585886604,1150.883585886486,1148.440563227478,1148.440563227388,1146.0226733305428,1143.6341389555412,1141.2185438006186,1136.3728417108566,1133.9221826632772,1128.945890929664,2.3375710988895855,1.103931555544833,0.06606306774989702,0.0,0.0,0.0,0.0,0.0,0.0,0.40627202801175893,0.7900522563363586,0.8323902110988484,0.7299110511055438,0.560314102600522,0.07050247809794911,0.0,0.0,0.0,0.0,0.0,0.0,0.0,0.0,0.0,0.041921391488977625,0.22035554068734658,0.13394908519270898,0.0,0.0,0.0,0.0,0.0,0.0,0.0,0.0,0.0,0.0,0.0,0.0,0.28809307299840753,0.4731590440503685,0.6821808755558794,0.7893766752574909,0.7298529370068909,0.6313357868384409,0.41891748204670964,0.2517441537900188,0.0,0.0,0.0,0.0,0.0,0.0,0.0,0.0,0.0,0.0,0.0,0.0,0.0,0.0,0.0,0.0,0.0,0.0076575044492785726,0.012496758870922362,0.019800117418481405,0.031488982489899314,0.03697828010383945,0.033137341579192195,0.0242526773640986,0.0
-1,no-accident,1300,Offline,Offline,1,265,83.5,0.0,5899.48,450.34,297.01,0.0,53.6,68.67,84.43,100.36,5711.56,6840.0,68538.75,240,0.0,0.0,0.0,0.0,0.0,0.0,0.0,0.0,0.0,0.0,0.0,0.0,0.0,0.0,0.0,0.0,0.0,0.0,0.0,0.0,0.0,0.0,0.0,0.0,0.0,0.0,0.0,0.0,0.0,0.0,0.0,0.0,0.0,0.0,0.0,0.0,0.0,0.0,0.0,0.0,0.0,0.0,0.0,0.0,0.0,0.0,0.0,0.0,0.0,0.0,0.0,0.0,0.0,0.0,0.0,0.0,0.0,0.0,0.0,0.0,0.0,0.0,0.0,0.0,0.0,0.0,0.0,0.0,0.0,0.0,0.0,0.0,0.0,0.0,0.0,0.0,0.00019644376447326502,0.0,0.0,0.0,0.0,0.0,0.0,0.0,0.0,0.0,0.0,0.0,0.0,0.0,0.0,0.0,0.0,0.0,0.0,0.0,0.0,0.0,0.003228056850685723,0.01686616893599044,0.016866168930844937,0.025142571625993048,0.027753702584750458,0.025669545355329483,0.015228961572977241,0.011563298858220153,0.007540073195521373,0.0,924.6,944.7,958.1,984.9,998.3,1018.4,1045.2,1065.3,1078.7,1098.8,1112.2,1139.0,1145.7,1159.1,1172.5,1199.3,1212.7,1226.1,1227.092128464662,1226.0085332663446,1223.0192175627967,1219.9807515449788,1217.6384524032887,1212.6093145810528,1205.643479851288,1205.6434798510177,1203.8696926507387,1196.19904301267,1187.9889425436559,1183.5264140018041,1176.2567190168854,1170.9719028269246,1165.3115766563528,1162.4386528954642,1159.2570176950526,1152.2262759478438,1152.2262759478563,1152.2262759479229,1152.2262759477399,1152.2262759478588,1152.2262759479283,1152.2262759478788,1152.22627594793,1152.2262759478647,1152.2262759478667,1152.2262759479163,1152.2262759479306,1152.2262759478049,1152.2262759478706,1152.2262759478513,1150.9186536432205,1150.9186536431391,1148.3933244494272,1148.39332444951,1145.9200181700855,1143.4923894439398,1141.0467826161798,1136.1366776492805,1133.6448597021263,1128.5793578971732,0.0,0.0,0.0,0.0,0.0,0.0,0.0,0.0,0.0,0.0,0.0,0.0,0.0,0.0,0.0,0.0,0.0,0.0,0.0,0.0,0.0,0.0,0.05467161292181701,0.08971457072097125,0.12329889996723785,0.13359795021107382,0.11367168315163056,0.08017681213500573,0.08017681143550737,0.032917093269962,0.0,0.0,0.0,0.0,0.0,0.0,0.0,0.0,0.0,0.0,0.0,0.0,0.0,0.0,0.0,0.0,0.0,0.0,0.0,0.0,0.0,0.0,0.0,0.0,0.0,0.0,0.0,0.0,0.0,0.0,0.0,0.0,0.0,0.0,0.0,0.0,0.0,0.0,0.0,0.0,0.0,0.0
-1,no-accident,1300,Offline,Offline,1,270,83.52,0.0,5900.63,450.43,297.2,0.0,53.6,68.67,84.43,100.36,5712.58,6840.0,68550.97,240,0.0,0.0,0.0,0.0,0.0,0.0,0.0,0.0,0.0,0.0,0.0,0.0,0.0,0.0,0.0,0.0,0.0,0.0,0.0,0.0,0.0,0.0,0.0,0.0,0.0,0.0,0.0,0.0,0.0,0.0,0.0,0.0,0.0,0.0,0.0,0.0,0.0,0.0,0.0,0.0,0.0,0.0,0.0,0.0,0.0,0.0,0.0,0.0,0.0,0.0,0.0,0.0,0.0,0.0,0.0,0.0,0.0,0.0,0.0,0.0,0.0,0.0,0.0038824073311542156,0.0038824073311542156,0.010873553031563917,0.010873553031563917,0.015991487182087746,0.01539939855478658,0.0066426971661229005,0.0,0.0,0.0,0.0,0.0,0.0,0.0,0.0,0.0,0.0,0.0,0.0,0.0,0.0,0.0,0.0262405657623581,0.0544821621306606,0.08432384509116128,0.01844459266956364,0.0,0.0,0.0,0.0,0.0,0.0,0.0,0.0,0.0,0.0,0.0,0.0,0.0,0.0,0.0,0.0,0.0,0.0,0.0,0.0,924.6,944.7,958.1,984.9,998.3,1018.4,1045.2,1065.3,1078.7,1098.8,1112.2,1139.0,1145.7,1159.1,1172.5,1199.3,1212.7,1226.1,1227.3301142324087,1226.1907839650964,1223.1211133524907,1220.0070785617138,1217.66380182059,1212.62981634935,1205.6467626512324,1205.6467626512856,1203.8704612806803,1196.1951379135344,1187.9944906624444,1183.5235946581029,1176.2538945460658,1170.9652541732025,1165.4754456047597,1162.4651071943676,1159.3605880256096,1152.393162003082,1152.39316200314,1152.3931620030962,1152.393162003465,1152.393162003171,1152.393162003133,1152.3931620032326,1152.3931620032424,1152.3931620031813,1152.3931620032051,1152.3931620030753,1152.3931620031947,1152.393162003131,1152.3931620031353,1152.393162003161,1151.0763103111994,1151.076310311389,1148.513757434016,1148.5137574341188,1146.030280327987,1143.5883841225145,1141.141814681505,1136.2594804945154,1133.8065181380296,1128.8113496329931,1.551910315971515,0.7412966548813579,0.05036715496872425,0.0,0.0,0.0,0.0,0.0,0.0,0.18988931305786758,0.4964578652944729,0.5386245669705164,0.5361960982789086,0.44418011598248675,0.1444604654412532,0.0,0.0,0.0,0.0,0.0,0.0,0.0,0.0,0.0,0.0,0.0,0.0,0.0,0.0,0.0,0.0,0.0,0.0,0.0,0.0,0.0,0.0,0.0,0.011754233637546218,0.33256809603353465,0.45339658359375606,0.5644785302015132,0.5666075512919714,0.46704624815055445,0.3640873742030657,0.17769605593002824,0.04750521886130951,0.0,0.0,0.0,0.0,0.0,0.0,0.0,0.0,0.008211878932160865,0.10678579935501831,0.10218674011801533,0.06972388588089873,0.012008412205152875,0.0,0.0,0.0,0.0,0.0,0.0009414094576097103,0.010128849896962517,0.01708660404950402,0.02074136519500314,0.018851758763253422,0.0140784027206822,0.0
-1,no-accident,1300,Offline,Offline,1,275,83.59,0.0,5897.59,450.2,298.38,0.0,53.6,68.67,84.43,100.36,5717.46,6840.0,68609.49,240,0.0,0.0,0.0,0.0,0.0,0.0,0.0,0.0,0.0,0.0,0.0,0.0,0.0,0.0,0.0,0.0,0.0,0.0,0.0,0.0,0.0,0.0,0.0,0.0,0.0,0.0,0.0,0.0,0.0,0.0,0.0,0.0,0.0,0.0,0.0,0.0,0.0,0.0,0.0,0.0,0.0,0.0,0.0,0.0,0.0,0.0,0.0,0.0,0.0,0.0,0.0,0.0,0.0,0.0,0.0,0.0,0.0,0.0,0.0,0.0,0.0,0.0,0.006829061405392179,0.006829061405392179,0.015118283755756594,0.015118283755756594,0.014144713553615261,0.004876153532915969,0.0,0.0,0.02193274671214756,0.012725904956197813,0.005681072946240377,0.0,0.0,0.0,0.0,0.0,0.0,0.0,0.0,0.0,0.0,0.0,0.0,0.0,0.0,0.0,0.0,0.0,0.0,0.0,0.0,0.0,0.0,0.0,0.0,0.0,0.0,0.0,0.0,0.0,0.0,0.0,0.0,0.0,0.0,0.0,924.6,944.7,958.1,984.9,998.3,1018.4,1045.2,1065.3,1078.7,1098.8,1112.2,1139.0,1145.7,1159.1,1172.5,1199.3,1212.7,1226.1,1226.6985037580891,1225.9983472810432,1223.441911893557,1220.4426920227013,1218.0992107388863,1213.073844114102,1206.084448768975,1206.084448768832,1204.3161870447184,1196.6533750831527,1188.4628094376123,1183.9914958176705,1176.7139322604446,1171.4448225376655,1166.0719844925266,1162.995538407181,1159.629354063641,1152.3089063737552,1152.3089063737018,1152.3089063735954,1152.3089063736204,1152.3089063736295,1152.3089063736008,1152.3089063738612,1152.3089063736084,1152.308906373669,1152.3089063735306,1152.3089063736354,1152.3089063735808,1152.3089063735442,1152.3089063736682,1152.308906373604,1151.018563022135,1151.018563022078,1148.5376576603608,1148.5376576603435,1146.140095192338,1143.74545614493,1141.3449077022105,1136.539028955484,1134.1162772466164,1129.1696904749558,18.7170163546398,14.635244732481134,10.65910837404978,4.108314184290631,0.5103891866236985,0.04731568520235304,0.04310515883250214,0.04422526375250573,0.053502988872932415,0.06438091224602634,0.08052902349354232,0.0858470212792462,1.187110312030727,1.5262311432940137,1.792960476520864,1.261495798036032,0.47711151521226636,0.08432048966111338,0.08056844874632178,0.07444571432913968,0.06357292499024872,0.05744231782311284,0.05191870548103273,0.053330174179063654,0.056885959845574874,0.06173001787321004,0.06454212085966123,0.0655439452490919,0.06554394525319505,0.06543361375986656,0.06397017012892733,0.06302219345425601,0.061636375903278036,0.061532210503008,0.06156639499874185,0.06433671878000584,0.06835354223823785,0.07365175770294234,0.07774685865790956,0.08971589405503003,0.1615871095118253,0.30493598677965594,0.3368172191627398,0.24316347331425656,0.1376718615616322,0.08356710915154139,0.07859179381243388,0.07008777827673446,0.0684581615107956,0.06618285228275718,0.06551041306964021,0.06931826632414272,0.07342325240603924,0.07859952927667474,0.08607708765633221,0.20918545476404415,0.36257154508419615,0.28535966431755755,0.18992228689177218,0.08620757575719548,0.06809983354488085,0.06809983354488085,0.06531891319088563,0.064711316204317,0.07476119379312185,0.07703984555122118,0.08161226531159069,0.08948102221589255,0.10256965277168999,0.10420362819117714,0.10090406973542973,0.0
-1,no-accident,1300,Offline,Offline,1,280,83.51,0.0,5896.49,450.11,297.14,0.0,53.6,68.66,84.43,100.36,5712.37,6840.0,68548.44,240,0.0,0.0,0.0,0.0,0.0,0.0,0.0,0.0,0.0,0.0,0.0,0.0,0.0,0.0,0.0,0.0,0.0,0.0,0.0,0.0,0.0,0.0,0.0,0.0,0.0,0.0,0.0,0.0,0.0,0.0,0.0,0.0,0.0,0.0,0.0,0.0,0.0,0.0,0.0,0.0,0.0,0.0,0.0,0.0,0.0,0.0,0.0,0.0,0.0,0.0,0.0,0.0,0.0,0.0,0.0,0.0,0.0,0.0,0.0,0.0,0.0,0.0,0.0036289987835277687,0.0036289987835277687,0.010771542864865518,0.010771542864865518,0.01703032930549679,0.022590113822311925,0.007431925463370112,0.0,0.0,0.0,0.0,0.0,0.0,0.0,0.0,0.0,0.0,0.0,0.0,0.0,0.0,0.0,0.0,0.0,0.0,0.0,0.0,0.0,0.0,0.0,0.0,0.0,0.0,0.0,0.0,0.0,0.0,0.0,0.0,0.0,0.0,0.0,0.0,0.0,0.0,0.0,924.6,944.7,958.1,984.9,998.3,1018.4,1045.2,1065.3,1078.7,1098.8,1112.2,1139.0,1145.7,1159.1,1172.5,1199.3,1212.7,1226.096819600693,1226.4690974062444,1225.7434960035937,1223.4339962196607,1220.4969333961374,1218.1872927136747,1213.1719092552914,1206.1840487099084,1206.1840487099944,1204.421022556381,1196.7822508276092,1188.6159426504369,1184.1635182794516,1176.9034687504138,1171.6449490582238,1166.049727595423,1163.0694866685487,1159.6958418829215,1151.9662287131418,1151.9662287131273,1151.966228712982,1151.9662287129872,1151.9662287130968,1151.9662287131182,1151.9662287130775,1151.9662287131484,1151.9662287129993,1151.9662287129577,1151.9662287131423,1151.9662287131482,1151.9662287131393,1151.9662287131393,1151.9662287131746,1150.6787600842206,1150.678760084134,1148.236030248336,1148.2360302482111,1145.9014663845517,1143.5829797846864,1141.2556567688825,1136.567569041626,1134.2075201300881,1129.355173504478,0.8965508052871659,0.35023554095547865,0.005821289385834075,0.0,0.0,0.0,0.0,0.0,0.0,0.011295904241771114,0.19704106130041163,0.23736364076046043,0.31964416194718215,0.29787507956108855,0.1754488007708718,0.0007175261019457199,0.0,0.0,0.0,0.0,0.0,0.0,0.0,0.0,0.0,0.0,0.0,0.0,0.0,0.0,0.0,0.0,0.0,0.0,0.0,0.0,0.0,0.08032611057208142,0.17886722618640022,0.32242743327238665,0.36276949984318946,0.3780835347596093,0.3151124580324004,0.2179935996446441,0.1406099153350832,0.02332931842344243,7.877893315369501e-06,0.0,0.0,0.0,0.0,0.0,0.0,0.0028917509398047794,0.03856398009723975,0.11191943841653325,0.16325725877283673,0.12482264699694594,0.08807751744620278,0.049331162761229126,0.0443214909733422,0.0443214909733422,0.04481519496168401,0.04200282776278823,0.02260343540937258,0.027485828952645376,0.02009464770534444,0.01443551442858142,0.006361438032992707,0.0018367799820669848,0.0026160805977146788,0.0
-1,no-accident,1300,Offline,Offline,1,285,83.51,0.0,5899.96,450.38,297.14,0.0,53.6,68.67,84.43,100.36,5712.4,6840.0,68548.81,240,0.0,0.0,0.0,0.0,0.0,0.0,0.0,0.0,0.0,0.0,0.0,0.0,0.0,0.0,0.0,0.0,0.0,0.0,0.0,0.0,0.0,0.0,0.0,0.0,0.0,0.0,0.0,0.0,0.0,0.0,0.0,0.0,0.0,0.0,0.0,0.0,0.0,0.0,0.0,0.0,0.0,0.0,0.0,0.0,0.0,0.0,0.0,0.0,0.0,0.0,0.0,0.0,0.0,0.0,0.0,0.0,0.0,0.0,0.0,0.0,0.0,0.0,0.002450546211595892,0.002450546211595892,0.0049604362148585315,0.0049604362148585315,0.0035256575655283717,0.002930733836644559,0.0,0.0,0.0,0.004460373294535722,0.010683976051967291,0.025974855994689454,0.0356425888826028,0.03281289843925223,0.005466206824387488,0.0,0.0,0.0,0.0,0.0,0.0,0.0,0.0,0.0,0.0,0.0,0.0,0.0,0.0,0.0,0.0,0.0,0.0,0.0,0.0,0.0,0.0,0.0,0.0,0.0,0.0,0.0,0.0,0.0,0.0,0.0,924.6,944.7,958.1,984.9,998.3,1018.4,1045.2,1065.3,1078.7,1098.8,1112.2,1139.0,1145.7,1159.1,1172.5,1199.3,1212.7,1226.1,1227.1910049469602,1226.440287148,1223.4152279987059,1220.2135853281234,1217.869288999095,1212.8004404608625,1205.6829559443063,1205.6829559441335,1203.9074164783244,1196.225470378295,1188.0201876631168,1183.5583096719738,1176.282343079152,1171.0773130585694,1165.966012730061,1163.1067415001314,1159.786689167011,1152.159816350538,1152.1598163507533,1152.1598163506544,1152.1598163507763,1152.159816350568,1152.1598163506483,1152.15981635072,1152.159816350575,1152.1598163506371,1152.1598163506517,1152.1598163507729,1152.159816350617,1152.159816350636,1152.159816350608,1152.1598163507365,1150.837291066244,1150.8372910662526,1148.3248214247878,1148.324821424921,1145.9630722568168,1143.6328050728987,1141.292977630536,1136.6670614158572,1134.356517030207,1129.6181203243582,0.07245906959498834,0.06652641754953126,0.0611685534926441,0.052780499432455066,0.04937189347106258,0.051194685326243244,0.0554333861163696,0.05904166958011245,0.0672791645144091,0.07637204913570188,0.2629937304438914,0.3037098432895625,0.4371221674243089,0.45060313856814216,0.41206068088268716,0.23052369410923534,0.08415060390096026,0.06906756518241454,0.06746199627373423,0.06455695408076936,0.059533899322742265,0.056966694807513645,0.05484520595450743,0.05497258291283246,0.05508347907505937,0.053990314225985374,0.051475270872281924,0.048656269509102706,0.0486562694070296,0.0452634007194903,0.041427767631821336,0.039995640871722624,0.03788874946664754,0.037588412480885694,0.037404770084498516,0.038312524980160495,0.040535756882639225,0.04394337953273568,0.04758521830234983,0.05516720933767165,0.058692212975482806,0.06307105940329952,0.06642779142690314,0.06684281141070623,0.06621691093207141,0.06419560966695835,0.062410622685673905,0.05856612987343694,0.0576879422169363,0.05616543502213097,0.05505253766049403,0.0541310067612373,0.05403946480981915,0.05385713660451986,0.053288052427008396,0.05098684737560276,0.04544693987339771,0.04222860788846976,0.0413898536546854,0.039315595954344355,0.027400568302692333,0.027400568302692333,0.028799498064025215,0.04249406167906329,0.055868063954413114,0.061269291586321356,0.0699419962548421,0.07514529860938565,0.07099514448415765,0.056179726169258815,0.028365285639792997,0.0
-1,no-accident,1300,Offline,Offline,1,290,83.55,0.0,5901.67,450.51,297.51,0.0,53.61,68.68,84.45,100.38,5714.49,6840.0,68573.89,240,0.0,0.0,0.0,0.0,0.0,0.0,0.0,0.0,0.0,0.0,0.0,0.0,0.0,0.0,0.0,0.0,0.0,0.0,0.0,0.0,0.0,0.0,0.0,0.0,0.0,0.0,0.0,0.0,0.0,0.0,0.0,0.0,0.0,0.0,0.0,0.0,0.0,0.0,0.0,0.0,0.0,0.0,0.0,0.0,0.0,0.0,0.0,0.0,0.0,0.0,0.0,0.0,0.0,0.0,0.0,0.0,0.0,0.0,0.0,0.0,0.0,0.0,0.0034348920614254872,0.0034348920614254872,0.014216661249815424,0.014216661249815424,0.015909580253306535,0.05186301374156731,0.0,0.0,0.0,0.0,0.0,0.0,0.0,0.0,0.0,0.0,0.0,0.0,0.0,0.0,0.0,0.0,0.0,0.0,0.0,0.0,0.0,0.0,0.0,0.0,0.0,0.0,0.0,0.0,0.0,0.0,0.0,0.0,0.0,0.042365684559399736,0.17249307476669956,0.21737102704140215,0.2574565867438025,0.25681980866626064,0.2520726049802724,0.2421109470455038,924.6,944.7,958.1,984.9,998.3,1018.4,1045.2,1065.3,1078.7,1098.8,1112.2,1139.0,1145.7,1159.1,1172.5,1199.3,1212.7,1226.1,1227.547434583948,1226.6931309209594,1223.33652740704,1220.144140397189,1217.8011205119496,1212.6759225026196,1205.548968733544,1205.548968733453,1203.7656348346711,1196.0532140491503,1187.812230076526,1183.333420731639,1176.3011595615549,1171.68631014573,1166.2590409355316,1163.3529250844074,1160.0960703706037,1152.4941442908328,1152.4941442908234,1152.4941442908319,1152.4941442908366,1152.4941442909578,1152.4941442907877,1152.4941442908798,1152.4941442909076,1152.4941442909133,1152.4941442909153,1152.494144290812,1152.4941442908512,1152.4941442908905,1152.4941442908969,1152.4941442908928,1151.1890893615112,1151.1890893615869,1148.703347121961,1148.7033471217253,1146.365241179565,1144.0583524960716,1141.7405760101644,1137.1436056870898,1134.8650854162931,1130.202029747155,0.15870901967138426,0.1703608829072636,0.18510669067857402,0.2140065618679641,0.22945511583882994,0.2546147173893387,0.2593952334398266,0.25688180453119375,0.24573348466422792,0.23952940559068062,0.23317103011350074,0.23162763729056474,0.2249974839784201,0.2230510174385943,0.22058182521265798,0.22017386783727508,0.22143720765858219,0.22272453961403718,0.22316026357197877,0.2239928807084546,0.22523245228134853,0.22559019913493075,0.2245695974822696,0.2238359827514863,0.22313754917051506,0.22382353276065983,0.22632742802655434,0.22953113994326393,0.2295311399192245,0.23388128431750432,0.24115275654018536,0.24924786397697274,0.2832396981699135,0.29607537625983527,0.3135063005500634,0.4137373356339849,0.4641399622825153,0.4990065968914749,0.5046736288935187,0.48272801180650954,0.4625374830764529,0.43346823472786494,0.39953674589809385,0.36167066639290785,0.3374399521925105,0.306827170458,0.2883482685556981,0.2547089204440346,0.24848356350505943,0.24037391689719242,0.23556089495478888,0.22609580286771092,0.22182643988168205,0.21814000256399238,0.21536733527705082,0.21415400289573186,0.2224120370732477,0.23541373518082553,0.24458202168128207,0.26770706907311087,0.24868548280757463,0.24868548280757463,0.26039109212648587,0.3937042504633019,0.3105657108695015,0.35984490091254023,0.33955086567707055,0.3108154567342435,0.27122491100647345,0.22132427023434326,0.14755136358698454,0.0
-1,no-accident,1300,Offline,Offline,1,295,83.51,0.0,5903.55,450.65,297.13,0.0,53.6,68.66,84.43,100.37,5712.31,6840.0,68547.67,240,0.0,0.0,0.0,0.0,0.0,0.0,0.0,0.0,0.0,0.0,0.0,0.0,0.0,0.0,0.0,0.0,0.0,0.0,0.0,0.0,0.0,0.0,0.0,0.0,0.0,0.0,0.0,0.0,0.0,0.0,0.0,0.0,0.0,0.0,0.0,0.0,0.0,0.0,0.0,0.0,0.0,0.0,0.0,0.0,0.0,0.0,0.0,0.0,0.0,0.0,0.0,0.0,0.0,0.0,0.0,0.0,0.0,0.0,0.0,0.0,0.0,0.0,0.0015731547815191012,0.0015731547815191012,0.005780854971598936,0.005780854971598936,0.006882820228887351,0.018764120784752408,0.0,0.0,0.0,0.0,0.0,0.0,0.0,0.0,0.0,0.0,0.0,0.0,0.0,0.0,0.0,0.0,0.0,0.0,0.0,0.0,0.0,0.0,0.0,0.0,0.0,0.0,0.0,0.0,0.0,0.0,0.0,0.003137609195687044,0.0031376091363365566,0.014161086067246826,0.017216971958556607,0.012147185922514844,0.0018534221001693268,0.000657584913340591,0.00010298736139345846,0.0,924.6,944.7,958.1,984.9,998.3,1018.4,1045.2,1065.3,1078.7,1098.8,1112.2,1139.0,1145.7,1159.1,1172.5,1199.3,1212.7,1226.1,1227.9390480337563,1226.7424148083398,1223.130314976351,1219.9369332762542,1217.5921949026713,1212.414916130428,1205.2873670449746,1205.287367044824,1203.504513233745,1195.8062430644432,1187.5833379876487,1183.1195906220453,1176.1608376720753,1171.6483609012232,1166.2273028040293,1163.3302274267153,1159.9931534363147,1152.2068947320474,1152.2068947318742,1152.2068947319297,1152.2068947319224,1152.2068947318644,1152.2068947319142,1152.2068947319285,1152.2068947320333,1152.2068947321106,1152.2068947318398,1152.2068947318614,1152.2068947319221,1152.2068947318219,1152.2068947319244,1152.2068947319285,1150.888149019724,1150.8881490198391,1148.3727490806207,1148.3727490807016,1146.008343307001,1143.6851618310661,1141.334216708213,1136.677812222057,1134.3885932019093,1129.7429446091876,0.05807011021884677,0.05855897122445132,0.0592976745786507,0.06125511084446498,0.06300608572745323,0.06745494655711622,0.06922983411257229,0.07027860490606165,0.0719125816396956,0.07264306700860516,0.07288249196102242,0.07280886925969646,0.07178516217985359,0.07112508154429832,0.0695447411994426,0.0670518380114505,0.06565223887614494,0.06483998493449618,0.064616538810294,0.06423573162117394,0.06367165349833809,0.0633205850850404,0.06206548738873799,0.061098813493814436,0.059303119790512206,0.05647940811689008,0.054309800457200505,0.053212908196907854,0.053212908220896735,0.052791107922524894,0.05358119492516991,0.05465296270038603,0.05817187276618328,0.059318918331385605,0.060493238964559014,0.06631941263722281,0.07101462175238797,0.07761166903731577,0.08239214544316356,0.09317238270561101,0.09730855415269556,0.09888681081164785,0.09225673251979348,0.08619656276772834,0.07989225877780017,0.07300528247041113,0.07035594070867622,0.06569076292484494,0.064691746519653,0.06292835868171663,0.061512602403809444,0.059668877441518005,0.05910698609621479,0.05867173383370925,0.05829481774120598,0.057777148963452755,0.058007191270674385,0.05780445115700678,0.05982014750688535,0.06168665357068916,0.06209064581106399,0.06209064581106399,0.06473850187560128,0.09405006141436047,0.09261606459708147,0.10680935011136294,0.10893561697867697,0.10056542549265021,0.07667700962135356,0.04755690863818451,0.02224565599740156,0.0
-1,no-accident,1300,Offline,Offline,1,350,83.5,0.0,5896.12,450.09,297.1,0.0,53.62,68.68,84.45,100.38,5711.68,6840.0,68540.14,240,0.0,0.0,0.0,0.0,0.0,0.0,0.0,0.0,0.0,0.0,0.0,0.0,0.0,0.0,0.0,0.0,0.0,0.0,0.0,0.0,0.0,0.0,0.0,0.0,0.0,0.0,0.0,0.0,0.0,0.0,0.0,0.0,0.0,0.0,0.0,0.0,0.0,0.0,0.0,0.0,0.0,0.0,0.0,0.0,0.0,0.0,0.0,0.0,0.0,0.0,0.0,0.0,0.0,0.0,0.0,0.0,0.0,0.0,0.0,0.0,0.0,0.0,0.0,0.0,0.0,0.0,0.0,0.0,0.0,0.0,0.0,0.0,0.0,0.0,0.0,0.0,0.0,0.03921918899963876,0.04548627054055185,0.044310332951389454,0.03716939962672648,0.030227571715980225,0.021061119636493358,0.018892397949195408,0.00867578347128233,0.004048206760343342,0.0,0.0,0.0,0.0,0.0,0.0,0.0,0.0,0.0,0.0,0.0,0.0,2.7626337265349725e-05,0.07535660906504221,0.07535660951792077,0.14436950015620753,0.20801015253437136,0.22312863741550168,0.2127725395870722,0.20117915427068214,0.18597399433555514,0.057542475240388316,924.6,944.7,958.1,984.9,998.3,1018.4,1045.2,1065.3,1078.7,1098.8,1112.2,1139.0,1145.7,1159.1,1172.5,1199.3,1212.7,1226.0989681139513,1226.3926486596745,1225.5546174481567,1223.2128490298066,1220.3556907291788,1218.0677978395522,1213.0565165261812,1206.035063040028,1206.0350630400021,1204.2688307118237,1196.6359988864383,1188.467244784301,1184.0386444427925,1176.793919480055,1171.542398527206,1165.8619473592441,1162.8008761761166,1159.4591691331943,1151.706857376911,1151.7068573769038,1151.7068573769136,1151.7068573769523,1151.7068573769259,1151.7068573769182,1151.7068573768922,1151.7068573769611,1151.7068573769056,1151.706857376792,1151.7068573769127,1151.7068573768997,1151.7068573768897,1151.7068573769222,1151.7068573770016,1150.4206828912709,1150.4206828913068,1147.9890196727763,1147.9890196728331,1145.690676189947,1143.374386087008,1141.0151383491777,1136.2836376156538,1133.942754552865,1129.1985936800731,0.0,0.0,0.0,0.0,0.0,0.13322920217244638,0.3348018973008252,0.4305135759499837,0.52943465315965,0.526904068367329,0.43711492540346747,0.40247459378266304,0.18140812499052136,0.0817056913776122,0.0,0.0,0.0,0.0,0.0,0.0,0.0,0.0019411266313145864,0.16397350929035964,0.2330062055204722,0.28595094058227954,0.26249119275522836,0.17930387609388224,0.09197678721529844,0.09197678722657188,0.004602142103144844,0.0,0.0,0.0,0.0,0.0,0.0,0.0,0.0,0.0,0.0,0.0,0.0009707229351877357,0.006701754158378101,0.009039642646861428,0.006743281563461049,0.003003872176457423,0.0010229048045367953,0.0,0.0,0.0,0.0,0.0,0.0,0.0,0.0,0.0,0.0,0.0,0.0,0.0,0.0,0.0,0.0,0.0,0.0,0.0,0.0007315922701300833,0.0008683179030745304,0.0,0.0,0.0,0.0
-1,no-accident,1300,Offline,Offline,1,450,83.51,0.0,5897.13,450.16,297.1,0.0,53.6,68.66,84.43,100.36,5712.31,6840.0,68547.7,240,0.0,0.0,0.0,0.0,0.0,0.0,0.0,0.0,0.0,0.0,0.0,0.0,0.0,0.0,0.0,0.0,0.0,0.0,0.0,0.0,0.0,0.0,0.0,0.0,0.0,0.0,0.0,0.0,0.0,0.0,0.0,0.0,0.0,0.0,0.0,0.0,0.0,0.0,0.0,0.0,0.0,0.0,0.0,0.0,0.0,0.0,0.0,0.0,0.0,0.0,0.0,0.0,0.0,0.0,0.0,0.0,0.0,0.0,0.0,0.0,0.0,0.0,0.0,0.0,0.0,0.0,0.0,0.0,4.88246903752245e-05,0.0,0.0,0.0,0.0,0.0,0.0,0.0,0.0,0.0,0.0,0.0,0.0,0.0,0.0,0.0,0.0,0.0,0.0,0.0,0.0,0.0,0.0,0.0,0.0,0.0,0.0,0.0,0.0,0.0,0.0,0.0,0.0,0.0,0.0,0.0,0.0,0.0,0.0,0.0,924.6,944.7,958.1,984.9,998.3,1018.4,1045.2,1065.3,1078.7,1098.8,1112.2,1139.0,1145.7,1159.1,1172.5,1199.3,1212.7,1226.1,1226.6028906181787,1225.664673491602,1223.2772630280122,1220.4230958080507,1218.1259252723562,1213.1234657324044,1206.1370759967404,1206.1370759967767,1204.373377526879,1196.7618746157302,1188.6169458894763,1184.2006278762667,1176.9694935074733,1172.4498241483977,1166.8265290979375,1163.6572240146222,1160.0063395235077,1151.8347065550695,1151.8347065550633,1151.8347065550493,1151.8347065550518,1151.834706555049,1151.8347065550713,1151.834706555158,1151.8347065550763,1151.8347065551084,1151.834706555041,1151.834706555139,1151.8347065551543,1151.8347065550442,1151.8347065550904,1151.8347065550975,1150.5860501258383,1150.5860501258192,1148.2231212896797,1148.2231212896836,1145.989678928064,1143.7294354796102,1141.4248660620704,1136.8246409596413,1134.5493630779274,1129.915051713569,0.0,0.0,0.0,0.0,0.0,0.0,0.0,0.0,0.0,0.0,0.0,0.0,0.0,0.0,0.0,0.0,0.0,0.0,0.0,0.0,0.0,0.0,0.07362528669391162,0.15373245830458063,0.20200372447976236,0.11684583154499975,0.03618027737599645,0.0020816412771494995,0.0020816415334804672,0.0,0.0,0.0,0.0,0.0,0.0,0.0,0.0042952398140074285,0.030205774774328526,0.04403741714597481,0.047435856453065785,0.03812131702860623,0.015377689733870702,7.395995105131202e-05,0.0,0.0,0.0,0.0,0.0,0.0,0.0,0.0,0.0,3.721800446699347e-05,0.021922774985093922,0.05694315416512782,0.10198894272545675,0.16683646702512636,0.2135204072339235,0.23759487987127548,0.3063330267799668,0.3714485839414434,0.3714485839414434,0.35582900569799186,0.1324338284183208,0.05405370218222135,0.02081666132318495,0.0,0.0,0.0,0.0,0.0,0.0
-1,no-accident,1300,Offline,Offline,1,700,83.5,0.0,5898.83,450.29,296.99,0.0,53.6,68.66,84.43,100.36,5711.43,6840.0,68537.21,240,0.0,0.0,0.0,0.0,0.0,0.0,0.0,0.0,0.0,0.0,0.0,0.0,0.0,0.0,0.0,0.0,0.0,0.0,0.0,0.0,0.0,0.0,0.0,0.0,0.0,0.0,0.0,0.0,0.0,0.0,0.0,0.0,0.0,0.0,0.0,0.0,0.0,0.0,0.0,0.0,0.0,0.0,0.0,0.0,0.0,0.0,0.0,0.0,0.0,0.0,0.0,0.0,0.0,0.0,0.0,0.0,0.0,0.0,0.0,0.0,0.0,0.0,0.0,0.0,0.0,0.0,0.0,0.0,0.0,0.0,0.0,0.0,0.0,0.0,0.0,0.0,0.0,0.0,0.0,0.0,0.0,0.0,0.0,0.0,0.0,0.0,0.0,0.0,0.0,0.0,0.0,0.0,0.0,0.0,0.0,0.0,0.0,0.0,0.0,0.0,0.0,0.0,0.0,0.0,0.0,0.0,0.0,0.0,924.6,944.7,958.1,984.9,998.3,1018.4,1045.2,1065.3,1078.7,1098.8,1112.2,1139.0,1145.7,1159.1,1172.5,1199.3,1212.7,1226.1,1226.9556594862138,1225.7528552145614,1223.1864073113493,1220.2287576872154,1217.8970405286047,1212.8952289068352,1205.9555983803618,1205.9555983803582,1204.1642158156162,1196.5030498583956,1188.4180941455786,1184.0278657487124,1176.8077606331078,1171.5652092316136,1165.893568607569,1162.8444163557165,1159.4588138716647,1152.0065294169995,1152.0065294171486,1152.006529416995,1152.0065294170106,1152.0065294169988,1152.006529417001,1152.0065294169965,1152.0065294169924,1152.0065294170054,1152.0065294170092,1152.006529417003,1152.0065294170095,1152.006529416996,1152.006529416986,1152.006529417003,1150.6324743792093,1150.6324743792243,1148.056355504794,1148.056355504656,1145.6478187882435,1143.2336824929166,1140.7893824019432,1135.9103877415612,1133.4883112039306,1128.5591127405464,0.0,0.0,0.0,0.0,0.0,0.0,0.0,0.0,0.0,0.0,0.0,0.0,0.0,0.0,0.0,0.0,0.0,0.0,0.0,0.0,0.0,0.0,0.0,0.0,0.0,0.0,0.0,0.0,0.0,0.0,0.0,0.0,0.0,0.0,0.0,0.0,0.0,0.0,0.0,0.0,0.0,0.0,0.0,0.0,0.0,0.0,0.0,0.0,0.0,0.0,0.0,0.0,0.0,0.0,0.0,0.0,0.0,0.0,0.0,0.0,0.0,0.0,0.0,0.0,0.0,0.0,0.0,0.0,0.0,0.0,0.0,0.0
-1,no-accident,1300,Offline,Offline,1,1000,83.51,0.0,5900.45,450.42,297.04,0.0,53.6,68.67,84.43,100.36,5711.88,6840.0,68542.53,240,0.0,0.0,0.0,0.0,0.0,0.0,0.0,0.0,0.0,0.0,0.0,0.0,0.0,0.0,0.0,0.0,0.0,0.0,0.0,0.0,0.0,0.0,0.0,0.0,0.0,0.0,0.0,0.0,0.0,0.0,0.0,0.0,0.0,0.0,0.0,0.0,0.0,0.0,0.0,0.0,0.0,0.0,0.0,0.0,0.0,0.0,0.0,0.0,0.0,0.0,0.0,0.0,0.0,0.0,0.0,0.0,0.0,0.0,0.0,0.0,0.0,0.0,0.0,0.0,0.005154708277684884,0.005154708277684884,0.015131251939493393,0.02420266273942958,0.033268231371462606,0.034404048792148985,0.02482208669390526,0.011789892982130117,0.006069707490999771,0.0,0.0,0.0,0.0,0.0,0.0,0.0,0.0,0.0,0.0,0.0,0.0,0.0,0.0,0.0,0.0,0.0,0.0,0.0,0.0,0.0,0.0,0.0,0.0,0.0,0.0,0.0,0.0,0.0,0.0,0.0,0.0,0.0,0.0,0.0,924.6,944.7,958.1,984.9,998.3,1018.4,1045.2,1065.3,1078.7,1098.8,1112.2,1139.0,1145.7,1159.1,1172.5,1199.3,1212.7,1226.1,1227.293962458895,1226.1459900919701,1223.3657647376806,1220.193487581668,1217.8575625640085,1212.8467045939533,1205.9125732967655,1205.9125732968134,1204.1592256084568,1196.5147743532152,1188.404652062607,1184.035186678306,1176.8843167512107,1171.6824728699842,1166.041356011754,1163.2448457065648,1159.9195405987025,1152.0903083816804,1152.0903083815604,1152.0903083814405,1152.0903083814471,1152.0903083814392,1152.090308381437,1152.0903083815217,1152.0903083815226,1152.0903083816283,1152.0903083816502,1152.0903083813962,1152.0903083814565,1152.0903083813932,1152.0903083815742,1152.0903083814574,1150.7140479246057,1150.7140479245581,1148.141319614692,1148.1413196146214,1145.739438148382,1143.322292406135,1140.872830928297,1136.0015640800036,1133.5763342165938,1128.6014848933448,0.0,0.0,0.0,0.0039278884863607946,0.023509311607705592,0.0,0.0,0.0,0.0,0.0,0.0,0.0,0.0,0.0,0.010960776059608917,0.12519866914738637,0.1710032050400057,0.16403736405922487,0.15065982961247504,0.11611844906791988,0.0277135694073268,0.0,0.0,0.0,0.0,0.0,0.0,0.0,0.0,0.0,0.0,0.0,0.0011519396930121627,0.0028553285732915244,0.005974946999174813,0.036890176554760616,0.05633148656714743,0.06731428800628211,0.06901903765651972,0.05847244336730182,0.04643317139122644,0.022587584501714376,0.0012142518412313287,0.0,0.0,0.0,0.0,0.0,0.0,0.0,0.0,0.0,0.0,0.0,0.0,0.0,0.0,0.0,0.0,0.0,0.0,0.0,0.0,0.0,0.0029093968273776333,0.004650909146806479,0.0028570500392005385,0.0004760174908166423,0.0,0.0,0.0,0.0
-1,no-accident,1300,Offline,Offline,1,10000,81.51,0.0,5850.14,446.58,289.95,0.0,50.9,64.88,79.42,94.52,5575.04,6840.0,66900.52,240,0.0,0.0,0.0,0.0,0.0,0.0,0.0,0.0,0.0,0.0,0.0,0.0,0.0,0.0,0.0,0.0,0.0,0.0,0.0,0.0,0.0,0.0,0.0,0.0,0.0,0.0,0.0,0.0,0.0,0.0,0.0,0.0,0.0,0.0,0.0,0.0,0.0,0.0,0.0,0.0,0.0,0.0,0.0,0.0,0.0,0.0,0.0,0.0,0.0,0.0,0.0,0.0,0.0,0.0,0.0,0.0,0.0,0.0,0.0,0.0,0.0,0.0,0.0,0.0,0.0,0.0,0.0,0.0,0.0,0.0,0.0,0.0,0.0,0.0,0.0,0.0,0.0,0.0,0.0,0.0,0.0,0.0,0.0,0.0,0.0,0.0,0.0,0.0,0.0,0.0,0.0,0.0,0.0,0.0,0.0,0.0,0.05451839981751444,0.16369787836248242,0.1550115454422266,0.14174865730306108,0.14174865744919704,0.11471695948297327,0.06922093073419464,0.04494409091676275,0.010045396519195353,0.0037547460855216295,0.0017041321594794539,0.0,901.6354030912248,916.8120514675089,926.5100734619253,945.6816088676431,954.924982744461,968.8389536064705,987.5012372178612,1002.4223758616436,1012.6144913570275,1028.4283344315413,1038.905031531185,1059.4474842610225,1064.639124131586,1075.182062047931,1085.735317601621,1107.5085733854994,1118.7229651693108,1129.9245190751044,1141.7460047113696,1159.7889573980428,1183.0878473527944,1201.0989635076255,1212.7776716540197,1216.8281621427857,1216.3671497067517,1216.3671497066143,1215.5583048890117,1208.2748820347454,1198.0772967545004,1191.799360677016,1180.197834540819,1171.576801504481,1161.8536849817972,1156.9074839917344,1151.3081212477098,1139.1910184327483,1139.1910184327553,1139.1910184327346,1139.191018432772,1139.1910184327642,1139.1910184327112,1139.1910184327778,1139.191018432759,1139.1910184327348,1139.19101843278,1139.1910184327317,1139.191018432724,1139.191018432669,1139.1910184327285,1139.191018432761,1138.4276690148508,1138.4276690148336,1136.4996813566647,1136.499681356686,1134.201003549413,1131.4249382275143,1128.5858531842337,1122.859316415283,1119.869390635746,1113.5906542072453,0.0046878668628601745,0.0021562821552805573,0.0010048556450866844,0.0006547128386479553,0.0007816188470863022,0.004193862845073672,0.00826581527490107,0.03568939887647554,0.16891842687643022,0.25441973238126103,0.32778839813225796,0.337807223729665,0.33256493657234065,0.30542411917326767,0.21562536135610508,0.028652424333682015,0.003798971279022616,0.0009094052807151746,0.0005974738543916635,0.0,0.0,0.0,0.0,0.0,0.0,0.0,0.0,0.0,0.0,0.0,0.0,8.42801003905747e-05,0.0006804075678443866,0.0008056452943947159,0.0009208028561007082,0.0017811144452255885,0.0023066325515308786,0.0025477644420506666,0.0025971955191102037,0.0025725642593497065,0.002562061648104364,0.002625527875266609,0.002976448624466183,0.003479386410030987,0.0039080935273326815,0.004651093091519567,0.005173047095263679,0.006437439040233645,0.006741691081709588,0.007224158901568114,0.007764111603098074,0.008078190336478924,0.007391963354745261,0.00704164322625104,0.006607464551201255,0.005856904270518424,0.005114616173951248,0.0048250945498135404,0.0048035077864306466,0.005313861500410194,0.00823800480526421,0.00823800480526421,0.010329392910548634,0.018638633355784442,0.022602907780549422,0.022536005936026456,0.020089495320822187,0.01743240523129909,0.01342767912746689,0.010096276033784062,0.005793491387250601,0.0
-1,45-mins-accident-1-capacity-remaining-start-10am,1300,Offline,Offline,1,1,100.0,100.0,5316.17,405.82,736.37,0.0,297.28,311.5,325.2,338.33,6840.0,6840.0,82080.0,240,0.0,0.0,0.0,0.0,0.0,0.0,0.0,0.0,0.0,0.0,0.0,0.0,0.0,0.0,0.0,0.0,0.0,0.0,0.0,0.0,0.0,0.0,0.0,0.0,0.0,0.0,0.0,0.0,0.0,0.0,0.0,0.0,0.0,0.0,0.0,0.0,0.0,0.0,0.0,0.0,0.0,0.0,0.0,0.0,0.0,0.0,0.0,0.0,0.0,0.0,0.0,0.0,0.0,0.0,0.0,0.0,0.0,0.0,0.0,0.0,0.0,0.0,6.7,6.7,20.1,20.1,33.5,46.9,60.3,87.1,100.5,127.3,134.0,147.4,160.8,187.6,207.7,254.6,274.7,288.1,314.9,335.0,361.8,368.5,402.0,415.4,442.2,482.4,509.2,529.3,536.0,549.4,576.2,596.3,643.2,663.3,690.1,723.6,750.4,770.5,770.5,790.6,817.4,830.8,857.6,864.3,871.0,904.2880963563011,924.2134664044896,944.1007107815079,957.2140765597755,983.4610172416944,996.4663356926302,1015.609275939525,1040.148101433713,1058.110273632923,1069.7891748634465,1082.0937578461378,1088.242315252591,1105.7641711719996,1105.5785861847944,1094.4925060250036,1083.0232838079503,1071.7964860801846,1053.8098251274032,1033.9754095566445,1024.9848577310734,1011.8624339978156,992.9854386200441,978.0459225726023,989.9152764975971,980.7819751767745,993.7317681075017,1008.3973938699146,998.0932636455076,987.5727691059041,979.638023920988,974.1681644070719,952.3200690148366,941.1447488376153,915.8842809773124,880.8821792204028,859.9203576475389,845.5008840232872,837.0008840231036,820.0008840230787,795.0008840231267,767.7008840231497,728.0008840230212,706.1008840231674,677.5008840230914,645.8008840231435,620.800884023115,606.100884023089,600.70088402319,578.8008840231204,555.6008840231738,538.6008840231809,518.69424177736,511.99424177733613,501.0743151482048,471.17431514817946,454.1089841607106,438.87655084685287,426.3536157003648,411.3979574991017,401.36072082479694,392.74982387889116,378.56497717018664,365.55550647900304,349.0801908073024,348.4011065710484,346.46466728156344,340.69006476777037,339.51255145079284,337.2260977300111,320.3876980618196,323.44320814392773,327.98999019334394,330.39459010518016,342.87529683419484,347.84692010240326,355.0402338702248,359.46364185410266,364.14864975911036,367.05525190455376,367.8675195818496,369.25240700643417,367.249717854776,366.22605086765867,367.67938374240225,368.1641555704427,368.3409822210758,368.5,356.20288250975426,354.1665552468163,308.2,303.3392458979703,268.0,253.15109202552,221.1,190.9871840016502,167.5,145.24182737923996,137.83068477386144,120.6,102.88334506089811,87.1,74.74429716746715,67.12236659781851,53.6,41.902377002621,32.99341754451895,24.9466981345193,15.237284689713062,6.226061618727613,0.0,0.0,0.0,0.0,0.0,0.0,0.0,0.0,0.0,0.0,0.0,0.0,0.0,0.0,0.0,0.0,0.0,0.0,0.0,0.0,0.0,0.0,0.0,0.0
-1,45-mins-accident-1-capacity-remaining-start-10am,1300,Offline,Offline,1,2,100.0,100.0,5316.19,405.82,735.66,0.0,297.28,311.5,325.19,338.33,6840.0,6840.0,82080.0,240,0.0,0.0,0.0,0.0,0.0,0.0,0.0,0.0,0.0,0.0,0.0,0.0,0.0,0.0,0.0,0.0,0.0,0.0,0.0,0.0,0.0,0.0,0.0,0.0,0.0,0.0,0.0,0.0,0.0,0.0,0.0,0.0,0.0,0.0,0.0,0.0,0.0,0.0,0.0,0.0,0.0,0.0,0.0,0.0,0.0,0.0,0.0,0.0,0.0,0.0,0.0,0.0,0.0,0.0,0.0,0.0,0.0,0.0,0.0,0.0,0.0,0.0,6.7,6.7,20.1,20.1,33.5,46.9,60.3,87.1,100.5,127.3,134.0,147.4,160.8,187.6,207.7,254.6,274.7,288.1,314.9,335.0,361.8,368.5,402.0,415.4,442.2,482.4,509.2,529.3,536.0,549.4,576.2,596.3,643.2,663.3,690.1,723.6,750.4,770.5,770.5,790.6,817.4,830.8,857.6,864.3,871.0,904.3059924139953,924.2291968864923,944.1467617705447,957.259561295246,983.5054277966045,996.5397525966803,1015.7372041951592,1040.3051363613783,1058.217841510679,1069.785363441642,1082.1287319907103,1088.0111828003367,1105.767232150399,1105.2920672231546,1094.1917850622983,1082.676874866333,1071.1730525003784,1053.9181568999393,1034.362467756089,1025.024338758454,1012.1895484290852,993.2855349785021,978.0983825888092,990.088252869071,981.0691856559517,994.1644120439656,1009.0191713646058,998.7609025519939,988.3141241529888,980.3987107990225,975.0210800443248,953.1737240297897,942.1404302028562,917.0407198490295,882.0382127908961,861.0960298875385,846.6867098235523,838.1867098236588,821.1867098236802,796.1867098236905,768.8867098236317,729.1867098235983,707.2867098236854,678.6867098236165,646.9867098237031,621.9867098236529,607.286709823611,601.8867098236237,579.9867098236668,556.7867098236393,539.7867098235517,519.8822966630623,513.1822966630625,502.2743635581227,472.37436355813816,455.31846964007684,440.09094307018466,427.71049794300063,412.74058646235886,402.5969560830521,394.22512720336704,380.088888808242,366.94151002835616,350.2988919028759,349.63847009584026,347.56057370529817,341.8438391231133,340.52638880859223,338.3561046052258,321.1134005768901,324.40848041036014,329.07507041657163,331.47609320074594,343.9220865075681,348.82372704957754,355.664988258619,360.18454041865414,364.7866033412979,367.67364467909726,368.4098104991641,369.79382808920735,367.28097111305965,366.5380533112709,367.84311972593446,368.22010315237105,368.3960899430416,368.3131605611679,355.1,349.51120482322546,308.2,299.0042125331318,268.0,247.81687018095104,221.1,184.83958072124767,167.5,141.8373015629744,135.19493114342123,120.6,98.34451826486335,86.18858954498064,73.7,61.88812031019046,50.063513163246384,40.2,27.864969929847305,22.408606098538744,10.058563164256679,3.527481513373573,0.0,0.0,0.0,0.0,0.0,0.0,0.0,0.0,0.0,0.0,0.0,0.0,0.0,0.0,0.0,0.0,0.0,0.0,0.0,0.0,0.0,0.0,0.0,0.0
-1,45-mins-accident-1-capacity-remaining-start-10am,1300,Offline,Offline,1,3,100.0,100.0,5316.41,405.83,734.95,0.0,297.28,311.5,325.19,338.33,6840.0,6840.0,82080.0,240,0.0,0.0,0.0,0.0,0.0,0.0,0.0,0.0,0.0,0.0,0.0,0.0,0.0,0.0,0.0,0.0,0.0,0.0,0.0,0.0,0.0,0.0,0.0,0.0,0.0,0.0,0.0,0.0,0.0,0.0,0.0,0.0,0.0,0.0,0.0,0.0,0.0,0.0,0.0,0.0,0.0,0.0,0.0,0.0,0.0,0.0,0.0,0.0,0.0,0.0,0.0,0.0,0.0,0.0,0.0,0.0,0.0,0.0,0.0,0.0,0.0,0.0,6.7,6.7,20.1,20.1,33.5,46.9,60.3,87.1,100.5,127.3,134.0,147.4,160.8,187.6,207.7,254.6,274.7,288.1,314.9,335.0,361.8,368.5,402.0,415.4,442.2,482.4,509.2,529.3,536.0,549.4,576.2,596.3,643.2,663.3,690.1,723.6,750.4,770.5,770.5,790.6,817.4,830.8,857.6,864.3,871.0,904.3230668948237,924.244324825553,944.1817456218511,957.3043834406492,983.5499766641298,996.61457867213,1015.8557890655622,1040.5205953082573,1058.387884485154,1069.8024506696806,1082.2687435737437,1087.847753644833,1105.8137100438123,1105.0519109278416,1093.9297896657858,1082.381023787513,1070.5733456983387,1053.518638228794,1034.7104528716243,1025.0567665628525,1012.4470557804964,993.711647824155,978.1521609356355,990.2364203942485,981.3158401044875,994.5363748777448,1009.5807622258286,999.3632094655107,989.0288796468611,981.1049282521964,975.8909667754843,954.04655964441,943.161810610299,918.2196046538121,883.232189359109,862.3167160841874,847.8896409715786,839.389640971591,822.3896409719127,797.3896409715672,770.0896409716711,730.3896409715901,708.4896409716257,679.8896409715298,648.1896409716866,623.1896409716122,608.4896409715686,603.0896409716112,581.1896409716331,557.9896409715222,540.9896409716124,521.0882742289289,514.3882742292768,503.4957499362895,473.5957499365741,456.54757854811214,441.32538861080496,429.1279203898337,414.0378989988295,403.84735718324947,395.45280427101295,381.23515685541634,368.020242523348,351.5100540641887,350.6991938013789,348.49097032651605,342.97227814767797,341.4652080419517,339.45471721861315,321.59403132151124,325.26317939849395,330.1139771394746,332.5100937459113,344.9181939648213,349.76344297751626,356.19529181997905,360.90558573610144,365.42351106723254,368.30541199598474,368.9819030563902,370.3635173248199,367.15518664768456,366.76674363995835,367.9924376524728,368.27165966303676,368.4461148545971,367.2047573620415,355.1,345.62230707572303,308.2,295.3507106379804,268.0,243.1451143068608,221.1,179.3772027485014,165.63141112951135,140.7,132.90224881197997,120.6,94.41633785199238,83.60571161169528,73.7,54.34923601902577,45.06442861408022,36.2993074616151,26.5972661103443,18.451102639625145,6.7,0.8310864396536886,0.0,0.0,0.0,0.0,0.0,0.0,0.0,0.0,0.0,0.0,0.0,0.0,0.0,0.0,0.0,0.0,0.0,0.0,0.0,0.0,0.0,0.0,0.0,0.0
-1,45-mins-accident-1-capacity-remaining-start-10am,1300,Offline,Offline,1,4,100.0,100.0,5317.19,405.89,734.22,0.0,297.29,311.51,325.19,338.33,6840.0,6840.0,82080.0,240,0.0,0.0,0.0,0.0,0.0,0.0,0.0,0.0,0.0,0.0,0.0,0.0,0.0,0.0,0.0,0.0,0.0,0.0,0.0,0.0,0.0,0.0,0.0,0.0,0.0,0.0,0.0,0.0,0.0,0.0,0.0,0.0,0.0,0.0,0.0,0.0,0.0,0.0,0.0,0.0,0.0,0.0,0.0,0.0,0.0,0.0,0.0,0.0,0.0,0.0,0.0,0.0,0.0,0.0,0.0,0.0,0.0,0.0,0.0,0.0,0.0,0.0,6.7,6.7,20.1,20.1,33.5,46.9,60.3,87.1,100.5,127.3,134.0,147.4,160.8,187.6,207.7,254.6,274.7,288.1,314.9,335.0,361.8,368.5,402.0,415.4,442.2,482.4,509.2,529.3,536.0,549.4,576.2,596.3,643.2,663.3,690.1,723.6,750.4,770.5,770.5,790.6,817.4,830.8,857.6,864.3,871.0,904.3437764868833,924.2631752112045,944.2006732659953,957.359857752549,983.6056838947693,996.7067420371575,1015.9840376867329,1040.7874320218095,1058.6944177159485,1069.9152787311489,1082.5443588574076,1087.7756312124852,1105.9764644593718,1104.893197333486,1093.7384739392614,1082.1668170141236,1069.9618576755227,1053.1406358599697,1034.233414029783,1025.041303312561,1012.522375314891,994.1892026156074,978.2859691717006,990.3560076169854,981.5198272413884,994.8157394720967,1010.0779445376485,999.9222839281164,989.7728278238208,981.729917169139,976.8496350948624,954.9470515700639,944.2157933677896,919.4982575982481,884.4738705373486,863.5918895774544,849.128454657136,840.6284546570848,823.6284546570478,798.6284546570894,771.3284546571759,731.6284546571336,709.7284546571426,681.1284546570718,649.4284546571085,624.4284546570184,609.7284546571169,604.3284546571152,582.4284546571453,559.2284546571016,542.2284546571074,522.3324443471462,515.6324443471735,504.75193244394194,474.85193244390297,457.8132633108673,442.59861650536254,430.4665474067388,415.37095491708686,405.13993213526527,396.70118435008186,382.39609318074713,369.1251483775794,352.78449903687607,351.78006428283123,349.3407824911944,344.14530454355184,342.29843782305994,340.3414238536627,322.14254458753317,326.1201022084035,331.182666096428,333.5727027327898,345.94228922978573,350.73967179919197,356.8107754948434,361.6676276770004,366.09764007750005,368.9399243451207,369.5890023272682,370.9607886848565,367.0932143508521,366.95824790393885,368.1334411713577,368.3216496368639,368.4939801011001,366.3817283854131,355.1,342.3452991046007,308.2,292.3114842918305,268.0,239.25187673322364,221.1,173.24498658922877,162.4901497365004,140.7,130.61695493404233,120.6,90.4114085238536,78.62856897869555,66.86214377929872,53.52151524022027,40.2,31.33018953655214,24.086455723335067,13.518146080534375,4.733177149162601,0.0,0.0,0.0,0.0,0.0,0.0,0.0,0.0,0.0,0.0,0.0,0.0,0.0,0.0,0.0,0.0,0.0,0.0,0.0,0.0,0.0,0.0,0.0,0.0,0.0
-1,45-mins-accident-1-capacity-remaining-start-10am,1300,Offline,Offline,1,10,100.0,100.0,5313.39,405.6,729.52,0.0,297.28,311.49,325.17,338.32,6840.0,6840.0,82080.0,240,0.0,0.0,0.0,0.0,0.0,0.0,0.0,0.0,0.0,0.0,0.0,0.0,0.0,0.0,0.0,0.0,0.0,0.0,0.0,0.0,0.0,0.0,0.0,0.0,0.0,0.0,0.0,0.0,0.0,0.0,0.0,0.0,0.0,0.0,0.0,0.0,0.0,0.0,0.0,0.0,0.0,0.0,0.0,0.0,0.0,0.0,0.0,0.0,0.0,0.0,0.0,0.0,0.0,0.0,0.0,0.0,0.0,0.0,0.0,0.0,0.0,0.0,6.7,6.7,20.1,20.1,33.5,46.9,60.3,87.1,100.5,127.3,134.0,147.4,160.8,187.6,207.7,254.6,274.7,288.1,314.9,335.0,361.8,368.5,402.0,415.4,442.2,482.4,509.2,529.3,536.0,549.4,576.2,596.3,643.2,663.3,690.1,723.6,750.4,770.5,770.5,790.6,817.4,830.8,857.6,864.3,871.0,904.3495450516086,924.2563473825085,944.1927899270103,957.3318969930632,983.5729228591285,996.6582066230205,1015.9154091397601,1040.6250290317948,1058.4560694770537,1069.7342883940798,1082.170461832973,1087.6067864499516,1105.1841317058006,1104.3003560438844,1093.1780974657572,1081.6635690981914,1069.7485950271882,1052.7549101482105,1034.2362602162177,1024.6751329164165,1012.9210436173736,997.7641739595588,979.494921727777,991.5718953159815,983.3134983713716,997.253629395796,1013.9847138622637,1004.3460742278162,995.0491915751659,987.0402826738837,983.6606462498899,961.5129260039755,951.5582530240317,927.9051391390578,892.6385062513359,871.8930296623295,857.2436527949425,848.6768247073201,831.6762669067621,806.6762669069252,779.3762669067064,739.6762669068253,717.7762669069183,689.1762669070873,657.4762669068353,632.4762669068924,617.7762669068923,612.3762669068451,590.4762669069331,567.2762669068866,550.2762669068992,530.3513749413764,523.6513749414088,512.6907232755672,482.79072327546356,465.6798196970142,450.4239069009293,437.407886995869,422.22252829639916,412.655174701274,402.5818699667787,387.1837254184132,374.00513864938836,360.023852132241,356.74394696502196,352.33448663288755,350.6864134034007,345.8053213979751,340.20279884840136,328.33663809737857,330.39756219112445,337.10346729925624,339.4604610233201,351.56860354076304,355.9305559036808,358.89183684379486,365.0774983001158,369.0079903010805,371.0853097098752,371.69364057811276,370.01076035008435,367.11822386203835,367.6037117905341,368.37425948481035,368.5,368.5,358.1650031493899,355.1,312.0566066341686,305.10429450169386,268.0,252.81390702885747,221.1,186.59835503995882,166.2366518905157,140.7,129.48490427721194,113.75112667942096,87.1,74.15965575020942,60.128313092757224,48.87102081690927,39.97059466952173,26.8,21.63630614155716,7.90412702767868,1.28686945179561,0.0,0.0,0.0,0.0,0.0,0.0,0.0,0.0,0.0,0.0,0.0,0.0,0.0,0.0,0.0,0.0,0.0,0.0,0.0,0.0,0.0,0.0,0.0,0.0,0.0,0.0
-1,45-mins-accident-1-capacity-remaining-start-10am,1300,Offline,Offline,1,15,100.0,100.0,5308.22,405.21,725.25,0.0,297.26,311.46,325.15,338.31,6840.0,6840.0,82080.0,240,0.0,0.0,0.0,0.0,0.0,0.0,0.0,0.0,0.0,0.0,0.0,0.0,0.0,0.0,0.0,0.0,0.0,0.0,0.0,0.0,0.0,0.0,0.0,0.0,0.0,0.0,0.0,0.0,0.0,0.0,0.0,0.0,0.0,0.0,0.0,0.0,0.0,0.0,0.0,0.0,0.0,0.0,0.0,0.0,0.0,0.0,0.0,0.0,0.0,0.0,0.0,0.0,0.0,0.0,0.0,0.0,0.0,0.0,0.0,0.0,0.0,0.0,6.7,6.7,20.1,20.1,33.5,46.9,60.3,87.1,100.5,127.3,134.0,147.4,160.8,187.6,207.7,254.6,274.7,288.1,314.9,335.0,361.8,368.5,402.0,415.4,442.2,482.4,509.2,529.3,536.0,549.4,576.2,596.3,643.2,663.3,690.1,723.6,750.4,770.5,770.5,790.6,817.4,830.8,857.6,864.3,871.0,904.3119791757177,924.2088478293762,944.0849877307286,957.1947975144878,983.4342859921052,996.4408586350975,1015.5722757857537,1040.0017731287867,1057.6607553978924,1069.245324577675,1081.3978391796197,1087.5202468616353,1104.1093421643855,1103.8614231623608,1092.831098146607,1081.4783253141454,1070.5631175091607,1052.9559534548619,1035.4265717810895,1024.6683550730445,1013.420749522485,999.1535677354021,981.3780312771659,992.9662476169717,985.312744916429,1000.0554782173554,1018.0427249883411,1008.931901246344,1000.3039718454143,992.0614177315973,989.8952294859536,967.4239772698908,958.2653778421453,935.3226247001214,899.9637737013992,879.1870913487318,864.2775235097392,855.7805590009273,838.6611246119057,813.66112461192,786.361124611906,746.6611246119136,724.7611246118031,696.1611246118642,664.4611246118917,639.4611246118809,624.7611246118911,619.3611246118701,597.461124611869,574.261124611832,557.2611246118718,537.3099563756718,530.609956375624,519.6370305260103,489.73703052596545,472.5928673494353,457.2757854349837,445.2149222994082,429.49733327866863,419.3423834242798,409.7126698308568,394.1911294813926,380.412673585176,366.5584766999953,362.7047381481533,357.35421885693233,356.78671148724675,350.4425389931516,342.61677613078916,334.16225274134933,334.93267738429086,342.68631025203825,345.01513416993333,356.3826511015656,360.2677589799879,360.4494434657731,367.3693110304743,370.71380704049875,372.45583263960805,372.8882501885349,367.3929810807107,367.6138970576905,368.0067970885229,368.5,368.5,361.60567096888883,355.1,322.22789376434633,308.2,271.8087249512541,260.0185189483723,221.1,193.0988098069416,167.5,141.97032509056757,131.7259565369168,118.42272853834491,87.1,75.80559314610922,61.80840861572103,49.31723437245663,39.94461670213762,26.8,21.381702683678558,7.005807505719996,0.7179350187836064,0.0,0.0,0.0,0.0,0.0,0.0,0.0,0.0,0.0,0.0,0.0,0.0,0.0,0.0,0.0,0.0,0.0,0.0,0.0,0.0,0.0,0.0,0.0,0.0,0.0,0.0,0.0
-1,45-mins-accident-1-capacity-remaining-start-10am,1300,Offline,Offline,1,20,100.0,100.0,5305.02,404.96,721.63,0.0,297.24,311.44,325.14,338.3,6840.0,6840.0,82080.0,240,0.0,0.0,0.0,0.0,0.0,0.0,0.0,0.0,0.0,0.0,0.0,0.0,0.0,0.0,0.0,0.0,0.0,0.0,0.0,0.0,0.0,0.0,0.0,0.0,0.0,0.0,0.0,0.0,0.0,0.0,0.0,0.0,0.0,0.0,0.0,0.0,0.0,0.0,0.0,0.0,0.0,0.0,0.0,0.0,0.0,0.0,0.0,0.0,0.0,0.0,0.0,0.0,0.0,0.0,0.0,0.0,0.0,0.0,0.0,0.0,0.0,0.0,6.7,6.7,20.1,20.1,33.5,46.9,60.3,87.1,100.5,127.3,134.0,147.4,160.8,187.6,207.7,254.6,274.7,288.1,314.9,335.0,361.8,368.5,402.0,415.4,442.2,482.4,509.2,529.3,536.0,549.4,576.2,596.3,643.2,663.3,690.1,723.6,750.4,770.5,770.5,790.6,817.4,830.8,857.6,864.3,871.0,904.2715931487161,924.1582916471032,943.9558467389544,957.0644129991448,983.3011766575177,996.2337915022811,1015.2077915821942,1039.395871919926,1056.884475654841,1068.4198346342362,1081.0547429888925,1087.418472079535,1102.9922600605032,1103.444665848187,1092.5210040369768,1081.3761576377487,1071.3927628120084,1053.1873202873826,1036.6176630030723,1024.4815259404952,1013.6915518044968,999.4883352927482,983.8212294152752,994.5976845707642,986.8239805715832,1002.1923189397875,1021.3132856076486,1012.700009897208,1004.5162953813116,996.2710861418145,995.1802684493471,972.5681372677824,964.0874527948426,941.9110996648574,906.3769317447515,885.553809505688,870.4168364465995,862.0224615833575,844.7709253457288,819.7435985107701,792.4435985108197,752.7435985108118,730.8435985108069,702.2435985108083,670.5435985108244,645.5435985108073,630.8435985107935,625.4435985108587,603.543598510807,580.3435985107855,563.343598510787,543.3600575266406,536.6600575266224,525.638560180096,495.73856018011656,478.53289431006334,463.1613711402557,451.10274577096334,434.9259611390165,424.9234074349377,414.3761519561431,398.06635536261217,384.3922372291497,371.9616877454349,366.7559856047288,360.29154925526393,361.3068006597127,353.86864688196107,342.82819689809156,338.61789078486015,338.4213934065833,347.2050514149512,349.5036602094306,360.22493425606046,361.52396296418624,363.0920671282219,369.1311420976814,372.00464416385324,373.3386930274712,371.0968602955021,367.3592785202963,367.9420576341227,368.31412456642414,368.5,367.227927438512,355.1,341.20087887827526,308.2,286.9036783356738,268.0,229.05096291914697,209.31865254170725,167.5,148.91568595941436,136.30658112569304,120.6,92.96685656612715,78.90889181063869,66.14379499776075,51.76885237512892,40.2,28.658859345035996,22.581806068850316,9.516796523761412,1.4562441081472741,0.0,0.0,0.0,0.0,0.0,0.0,0.0,0.0,0.0,0.0,0.0,0.0,0.0,0.0,0.0,0.0,0.0,0.0,0.0,0.0,0.0,0.0,0.0,0.0,0.0,0.0,0.0,0.0
-1,45-mins-accident-1-capacity-remaining-start-10am,1300,Offline,Offline,1,25,100.0,100.0,5303.54,404.85,717.6,0.0,297.21,311.41,325.12,338.28,6840.0,6840.0,82080.0,240,0.0,0.0,0.0,0.0,0.0,0.0,0.0,0.0,0.0,0.0,0.0,0.0,0.0,0.0,0.0,0.0,0.0,0.0,0.0,0.0,0.0,0.0,0.0,0.0,0.0,0.0,0.0,0.0,0.0,0.0,0.0,0.0,0.0,0.0,0.0,0.0,0.0,0.0,0.0,0.0,0.0,0.0,0.0,0.0,0.0,0.0,0.0,0.0,0.0,0.0,0.0,0.0,0.0,0.0,0.0,0.0,0.0,0.0,0.0,0.0,0.0,0.0,6.7,6.7,20.1,20.1,33.5,46.9,60.3,87.1,100.5,127.3,134.0,147.4,160.8,187.6,207.7,254.6,274.7,288.1,314.9,335.0,361.8,368.5,402.0,415.4,442.2,482.4,509.2,529.3,536.0,549.4,576.2,596.3,643.2,663.3,690.1,723.6,750.4,770.5,770.5,790.6,817.4,830.8,857.6,864.3,871.0,904.2118276497727,924.0884150669185,943.7666887473467,956.8742666867317,983.019602953793,995.8373828356216,1014.5906940054844,1038.5718081247003,1055.8484385824113,1067.342973368315,1080.5891606739451,1087.4279172352203,1101.6136686474301,1103.1371778794467,1092.346536218912,1081.2976743377606,1072.416262339856,1053.359117536874,1037.9198016719822,1024.243766509296,1014.0111599126459,999.905579179249,986.6105260008569,997.0444682054041,988.548176502168,1004.6325823954604,1025.0073233615813,1016.8381528044813,1009.1429926682057,1000.9890750186129,1000.692774428374,978.4043080033041,970.5205162763427,949.0616327603317,913.466925591948,892.6736479050485,877.171994302741,868.957330037261,851.9467577126254,826.532016255915,799.2320162558365,759.5320162557442,737.6320162558884,709.0320162557147,677.3320162558605,652.3320162558307,637.6320162558044,632.2320162557425,610.3320162559181,587.1320162559782,570.1320162557743,550.1072341218,543.4072341217035,532.3066548982079,502.4066548981993,485.128250819349,469.6873216259447,457.40921910789234,441.0754753278523,431.14747587239543,420.0376476141592,403.10792415724404,388.9860005185495,377.8892918123537,371.1663878798508,363.17284640242457,364.46734667017324,359.20806463687916,342.5654456951325,342.174009288212,343.48730691263154,352.13716390761033,354.3287122942132,364.07967748020394,362.68909545691525,365.68366495097376,371.0599945067071,373.1594642820736,374.0247064449344,368.5210559229175,367.80243789774795,368.29986797644466,368.4284787760012,368.5,358.9600042452325,355.1,310.17787073253504,299.31434884978336,268.0,241.5317386046665,221.1,167.955375533704,154.34647770932756,140.11873863070608,120.6,98.10048608742039,80.73424473872558,68.56964183254925,53.32541513292566,40.2,29.918369284981043,23.046306367469843,9.95181867061957,2.0837520935062344,0.0,0.0,0.0,0.0,0.0,0.0,0.0,0.0,0.0,0.0,0.0,0.0,0.0,0.0,0.0,0.0,0.0,0.0,0.0,0.0,0.0,0.0,0.0,0.0,0.0,0.0,0.0,0.0,0.0
-1,45-mins-accident-1-capacity-remaining-start-10am,1300,Offline,Offline,1,30,100.0,100.0,5298.09,404.43,713.44,0.0,297.18,311.36,325.08,338.24,6840.0,6840.0,82080.0,240,0.0,0.0,0.0,0.0,0.0,0.0,0.0,0.0,0.0,0.0,0.0,0.0,0.0,0.0,0.0,0.0,0.0,0.0,0.0,0.0,0.0,0.0,0.0,0.0,0.0,0.0,0.0,0.0,0.0,0.0,0.0,0.0,0.0,0.0,0.0,0.0,0.0,0.0,0.0,0.0,0.0,0.0,0.0,0.0,0.0,0.0,0.0,0.0,0.0,0.0,0.0,0.0,0.0,0.0,0.0,0.0,0.0,0.0,0.0,0.0,0.0,0.0,6.7,6.7,20.1,20.1,33.5,46.9,60.3,87.1,100.5,127.3,134.0,147.4,160.8,187.6,207.7,254.6,274.7,288.1,314.9,335.0,361.8,368.5,402.0,415.4,442.2,482.4,509.2,529.3,536.0,549.4,576.2,596.3,643.2,663.3,690.1,723.6,750.4,770.5,770.5,790.6,817.4,830.8,857.6,864.3,870.9933453178888,904.1752287441506,923.9915450834372,943.6379896472245,956.7431328906214,982.8028507051865,995.5231774307641,1013.995175316658,1037.6802683549083,1054.880202708487,1066.248818971504,1079.9067828369732,1086.8902710682883,1099.8879446215722,1102.0019685463426,1091.4076835287558,1080.4732084042994,1072.808976018938,1052.8519183089654,1038.7859940923308,1023.4458854960579,1014.0610180667003,1000.2682939984575,989.1933421388375,1004.7093701845591,990.3146152967918,1006.9608497197778,1028.8338455761832,1020.9437763942777,1013.5146410212216,1006.1022642652707,1005.757027588604,985.1028987622075,977.3589446434777,957.3823090499991,920.8375018910465,900.1585528676942,884.3000996689356,876.3192890447503,859.5892976035217,833.8833448719971,806.4386217739831,766.7386217739538,744.8386217739657,716.2386217740616,684.5386217739969,659.5386217740066,644.8386217739863,639.4386217740039,617.5386217740237,594.3386217739754,577.3386217740439,557.2530887514004,550.5530887513947,539.3407352646225,509.44073526464365,492.05547366051735,476.5189251565715,462.82740031101747,446.5606135257184,437.5031384867448,424.1704031138793,400.82353154990625,387.684750140167,377.94476498019304,373.03667208296,362.2951298345559,365.21078159539513,362.8011488985212,340.56322823530206,344.5369382433418,347.5849478732785,356.27149253080734,358.38320094248405,367.2636494494269,363.54622139254184,367.76291013041094,372.37704161520776,373.8852475890525,372.5451646056061,367.8645306781743,368.1075537492574,368.3988758915286,368.5,364.53980993793704,355.1,328.08445320603363,308.2,273.5064191024198,257.2390678575285,221.1,184.78847359689306,162.2974638641159,140.7,125.41570053745679,106.8546794593731,83.98625412473086,73.19326984473469,53.6,42.635191291233305,32.20278290649357,24.25260866018875,13.326803283283748,3.817147771595757,0.0,0.0,0.0,0.0,0.0,0.0,0.0,0.0,0.0,0.0,0.0,0.0,0.0,0.0,0.0,0.0,0.0,0.0,0.0,0.0,0.0,0.0,0.0,0.0,0.0,0.0,0.0,0.0,0.0,0.0
-1,45-mins-accident-1-capacity-remaining-start-10am,1300,Offline,Offline,1,35,100.0,100.0,5292.84,404.03,707.13,0.0,297.15,311.32,325.03,338.19,6840.0,6840.0,82080.0,240,0.0,0.0,0.0,0.0,0.0,0.0,0.0,0.0,0.0,0.0,0.0,0.0,0.0,0.0,0.0,0.0,0.0,0.0,0.0,0.0,0.0,0.0,0.0,0.0,0.0,0.0,0.0,0.0,0.0,0.0,0.0,0.0,0.0,0.0,0.0,0.0,0.0,0.0,0.0,0.0,0.0,0.0,0.0,0.0,0.0,0.0,0.0,0.0,0.0,0.0,0.0,0.0,0.0,0.0,0.0,0.0,0.0,0.0,0.0,0.0,0.0,0.0,6.7,6.7,20.1,20.1,33.5,46.9,60.3,87.1,100.5,127.3,134.0,147.4,160.8,187.6,207.7,254.6,274.7,288.1,314.9,335.0,361.8,368.5,402.0,415.4,442.2,482.4,509.2,529.3,536.0,549.4,576.2,596.3,643.2,663.3,690.1,723.6,750.4,770.5,770.5,790.6,817.4,830.8,857.6,864.3,870.9697491668591,904.1480158215243,923.8939725018269,943.5338817719152,956.6345071570502,982.5918357432433,995.2202610390478,1013.5478445278657,1037.0282696683441,1054.1499261392846,1065.4150438654733,1079.3471557309138,1086.5794713825746,1098.0489499280898,1100.9116481365525,1090.4644218980513,1079.675766764208,1072.8727253344518,1052.1822169737268,1039.0163117894278,1022.4260304925764,1013.677277979919,1000.149175243557,990.710946488353,1008.5296439499278,997.9715453517704,1009.4603192227355,1032.1822359308755,1025.3887940399795,1019.5014132535953,1014.4102776487817,1012.5235524371171,996.4245571308711,986.81154080003,969.5987249985766,935.5381469374348,913.1617061182127,895.1535858735857,887.5531599105095,871.4159400501995,845.3479781056652,817.6040120327372,777.6998788355653,755.7998788354632,727.1998788354846,695.4998788355091,670.4998788355172,655.7998788357028,650.399878835523,628.4998788357117,605.2998788355061,588.2998788357328,568.1209697498847,561.420969749958,550.0678437866808,520.1678437866594,502.61516272456595,486.89640668561276,472.44511440588354,454.531330706006,444.6399403445346,432.2283859417445,390.18734438889715,378.28887863627057,370.512306033,368.46010119169136,356.2773246790755,359.51825588710443,352.63740137567504,339.49498629662014,341.7570343105031,347.74208375594793,356.7189731330486,358.94444640494214,364.5903014227554,364.25701080800195,368.42594654809534,372.82160293363376,374.1420399400164,368.5822856649472,368.02702403162994,368.26246781384157,368.46319852545304,367.86168091680355,355.1,337.7340867033112,308.2,281.6523183081122,266.5429541092113,221.1,195.80291470638005,167.5,140.82082641887322,129.16861032818434,112.80022575064137,86.37417231176121,73.7,56.480242778810236,44.9704310164359,35.030627419950505,26.148677898982704,15.933274024840426,4.062647952171743,0.0,0.0,0.0,0.0,0.0,0.0,0.0,0.0,0.0,0.0,0.0,0.0,0.0,0.0,0.0,0.0,0.0,0.0,0.0,0.0,0.0,0.0,0.0,0.0,0.0,0.0,0.0,0.0,0.0,0.0,0.0
-1,45-mins-accident-1-capacity-remaining-start-10am,1300,Offline,Offline,1,50,100.0,100.0,5313.64,405.62,663.25,0.0,296.97,311.23,325.0,338.16,6840.0,6840.0,82080.0,240,0.0,0.0,0.0,0.0,0.0,0.0,0.0,0.0,0.0,0.0,0.0,0.0,0.0,0.0,0.0,0.0,0.0,0.0,0.0,0.0,0.0,0.0,0.0,0.0,0.0,0.0,0.0,0.0,0.0,0.0,0.0,0.0,0.0,0.0,0.0,0.0,0.0,0.0,0.0,0.0,0.0,0.0,0.0,0.0,0.0,0.0,0.0,0.0,0.0,0.0,0.0,0.0,0.0,0.0,0.0,0.0,0.0,0.0,0.0,0.0,0.0,0.0,6.7,6.7,20.1,20.1,33.5,46.9,60.3,87.1,100.5,127.3,134.0,147.4,160.8,187.6,207.7,254.6,274.7,288.1,314.9,335.0,361.8,368.5,402.0,415.4,442.2,482.4,509.2,529.3,536.0,549.4,576.2,596.3,643.2,663.3,690.1,723.6,750.4,770.5,770.5,790.6,817.4,830.7170196567411,856.9787656713414,863.5434336498714,870.1218958959246,902.8077465363356,921.9776457864594,941.24518524845,953.8626745803684,978.863061607475,991.1229153291574,1009.0905872426758,1032.396294003371,1049.286780555147,1060.4116961304135,1076.7728997517447,1087.2385735106193,1103.3911048857258,1105.2378582583617,1098.9484374297294,1087.0944499137343,1078.603226505392,1057.153120079447,1041.954729116249,1022.1655879104974,1013.5495712043537,1000.0167404517708,990.3164280912112,1007.3325805712137,1001.2526259287299,1017.9366028679298,1048.9416206368905,1050.299995579332,1048.571225717249,1050.9159125198987,1045.7439178919967,1041.1389770553494,1025.7198150517768,1017.5920711967862,997.2180941120788,970.7982876248425,951.8238736828563,935.6688053041175,930.0042042331123,918.3064977191726,894.9794506664236,877.3257967025759,835.9360038262433,818.4932696949021,795.4263955389895,766.2938066131186,742.0814468899848,723.5285814771994,720.7143548560226,705.2093195065273,681.3064439887834,668.0484634176042,643.6432081697236,637.7938322050376,627.2459195325382,597.0605955136499,575.9093914862095,558.1979191171032,533.7710912105364,514.5930764180637,493.0297122990086,322.69567375281395,311.36066206484344,308.12793634903755,306.1117714187443,300.1757976651402,302.24508561520696,289.2244051452825,285.62688347214527,290.68914614683035,296.3531335504763,304.0370668294398,300.46402950094927,311.2529081567456,315.8287993364525,321.74047468290604,334.6025893184244,345.95376725275764,353.38911564998284,344.64697334046895,324.9315015893073,302.58026475007745,265.43254077448324,244.4391128132487,220.73592191292698,167.99683768068195,156.00446270345054,140.7,123.26531290134596,108.88561001089394,87.1,74.65093558451821,62.986123028827514,51.15151058505149,40.2,28.680672784333115,23.074266393212756,11.716818869160715,3.920272543958106,0.0,0.0,0.0,0.0,0.0,0.0,0.0,0.0,0.0,0.0,0.0,0.0,0.0,0.0,0.0,0.0,0.0,0.0,0.0,0.0,0.0,0.0,0.0,0.0,0.0,0.0,0.0,0.0,0.0,0.0,0.0,0.0,0.0,0.0
-1,45-mins-accident-1-capacity-remaining-start-10am,1300,Offline,Offline,1,60,100.0,100.0,5307.45,405.15,659.46,0.0,296.25,310.58,324.83,338.08,6840.0,6840.0,82080.0,240,0.0,0.0,0.0,0.0,0.0,0.0,0.0,0.0,0.0,0.0,0.0,0.0,0.0,0.0,0.0,0.0,0.0,0.0,0.0,0.0,0.0,0.0,0.0,0.0,0.0,0.0,0.0,0.0,0.0,0.0,0.0,0.0,0.0,0.0,0.0,0.0,0.0,0.0,0.0,0.0,0.0,0.0,0.0,0.0,0.0,0.0,0.0,0.0,0.0,0.0,0.0,0.0,0.0,0.0,0.0,0.0,0.0,0.0,0.0,0.0,0.0,0.0,6.7,6.7,20.1,20.1,33.5,46.9,60.3,87.1,100.5,127.3,134.0,147.4,160.8,187.6,207.7,254.6,274.7,288.1,314.9,335.0,361.8,368.5,402.0,415.4,442.2,482.4,509.2,529.3,536.0,549.4,576.2,596.3,643.2,663.3,690.1,723.6,750.4,770.396385111811,770.3963851118069,789.7141766793677,815.4536235570221,828.3546951418626,853.9177594601596,860.3861720754497,866.8445412277816,898.2584566098803,916.1680591036936,934.4871977717852,946.2781688767457,969.7744351594295,981.4326448663168,998.7628223287785,1021.2806093748117,1038.1017890143685,1049.2120441476684,1065.7685741350324,1076.6716346289195,1097.5336632775966,1102.616856469328,1102.6168564694287,1101.3901466446093,1103.9489870387083,1103.9489870386578,1080.8634938226962,1039.9461448468508,1016.406287853908,1000.3706064995868,986.8935479596764,1000.9115439061902,993.047799637608,1011.884829074303,1037.1025327937257,1033.0096828148328,1025.5103861213584,1019.3995157687312,1007.9676155387168,1008.243056612564,989.3855288609635,984.1169366958177,972.5015960544041,956.6408584739462,936.2635404148174,919.1865006821532,905.7431410050475,900.8110880524522,890.5670934043862,870.762898957074,855.0086863346097,822.4757734185423,802.9457341007535,784.5159695626244,761.3793650951083,738.4784754390798,720.5077741298203,708.7895758374319,708.2700804427824,692.8125672973462,672.1878599016503,662.9728073052497,644.5368724198711,635.8311733672155,632.0783708370373,616.0797387561219,595.7663087337123,578.2722687737024,565.1104987397281,294.74844322661903,281.08716667780465,266.68150218961756,251.19996155270752,238.29752444104278,243.1706186238087,232.1657335803743,223.66296729749877,207.747138035148,208.14363146441636,219.56907889339027,221.48604603521653,231.5582868404994,238.10730378663865,251.98101965632083,270.972351076914,283.4729666289155,295.94676276107697,300.11229205117047,308.4363017557818,322.39326632542617,320.8618006718183,331.03861505303485,300.08664414332304,287.3293156042345,268.0,224.54921947940275,196.22913566456475,164.83788820899608,140.7,123.81676501095907,96.91570731549226,80.56388989829298,69.56816738740824,53.6,41.83003101672157,32.48137035458636,24.580150813358618,19.629409482463824,6.7,3.169334401076498,0.0,0.0,0.0,0.0,0.0,0.0,0.0,0.0,0.0,0.0,0.0,0.0,0.0,0.0,0.0,0.0,0.0,0.0,0.0,0.0,0.0,0.0,0.0,0.0,0.0,0.0,0.0,0.0,0.0,0.0,0.0
-1,45-mins-accident-1-capacity-remaining-start-10am,1300,Offline,Offline,1,70,100.0,100.0,5279.07,402.98,657.3,0.0,295.47,309.64,323.87,337.75,6840.0,6840.0,82080.0,240,0.0,0.0,0.0,0.0,0.0,0.0,0.0,0.0,0.0,0.0,0.0,0.0,0.0,0.0,0.0,0.0,0.0,0.0,0.0,0.0,0.0,0.0,0.0,0.0,0.0,0.0,0.0,0.0,0.0,0.0,0.0,0.0,0.0,0.0,0.0,0.0,0.0,0.0,0.0,0.0,0.0,0.0,0.0,0.0,0.0,0.0,0.0,0.0,0.0,0.0,0.0,0.0,0.0,0.0,0.0,0.0,0.0,0.0,0.0,0.0,0.0,0.0,6.7,6.7,20.1,20.1,33.5,46.9,60.3,87.1,100.5,127.3,134.0,147.4,160.8,187.6,207.7,254.6,274.7,288.1,314.9,335.0,361.8,368.5,402.0,415.4,442.2,482.4,509.2,529.3,536.0,549.4,576.2,596.3,643.2,663.3,690.1,723.6,749.5526802562572,768.7844121232807,768.7844121232796,788.0466323646916,813.3970221914791,825.8857887265933,850.8541351887986,857.1202768311225,863.3992249107165,894.0892082428654,910.7959948543179,928.1840985811499,939.5730393507923,962.0284164931599,973.0086084101413,989.6430618875596,1011.5982161471245,1027.863314683983,1038.647006289917,1054.3720862193882,1064.754077928486,1084.8592733201742,1089.73299704684,1089.7329970468124,1089.7329970468084,1094.457077216683,1094.4570772166276,1094.457077216586,1098.047316110946,1081.2145469446468,1024.2478328969332,1001.0153598146551,1007.102102683478,996.4180030242217,1007.6189256549272,1028.6202148165726,1026.6004973593897,1021.2697697436132,1021.3170170621759,1006.659410185057,1005.3559321675742,993.2007822676701,982.3411308307387,975.7735243861216,961.394962304561,939.2307915920858,922.9761894812535,909.4080496254792,900.3880845700999,894.5573156174263,883.2146411391981,865.1479893380692,849.4471015494652,815.4389221022889,800.527469137019,781.8741911455604,757.7789409324387,735.7894720647823,718.6149748158634,714.0148967056449,703.1504031757219,681.4941752510109,668.9610658926636,646.482371309157,639.4398081173205,629.4579656928325,600.8799659516527,582.7197270630215,566.9787090565176,546.2571489475521,255.45695644344616,248.30067270291096,237.51378450291983,234.17160709424394,231.22092920154478,245.5965279627702,239.0400605259756,234.4462688886809,226.30615042940266,229.2799328156075,242.73947127296236,246.40576811191812,260.38818037096297,265.92969539214,280.8971375060978,299.84802816051524,314.11570765973136,326.3639401478308,330.10388421572515,328.9129046290224,331.6442616045583,298.7345562838373,287.8450028943324,268.0,231.81724252816753,221.1,172.0192976033908,166.2546146571014,140.7,137.20993397211956,120.6,109.46529600112564,87.1,73.91466493437437,54.723315933228186,36.94499522565748,24.527018786200077,18.007587872390058,6.7,2.51569522636089,0.0,0.0,0.0,0.0,0.0,0.0,0.0,0.0,0.0,0.0,0.0,0.0,0.0,0.0,0.0,0.0,0.0,0.0,0.0,0.0,0.0,0.0,0.0,0.0,0.0,0.0,0.0,0.0,0.0,0.0,0.0,0.0
-1,45-mins-accident-1-capacity-remaining-start-10am,1300,Offline,Offline,1,80,100.0,100.0,5232.87,399.46,655.85,0.0,294.76,308.79,322.88,337.01,6840.0,6840.0,82080.0,240,0.0,0.0,0.0,0.0,0.0,0.0,0.0,0.0,0.0,0.0,0.0,0.0,0.0,0.0,0.0,0.0,0.0,0.0,0.0,0.0,0.0,0.0,0.0,0.0,0.0,0.0,0.0,0.0,0.0,0.0,0.0,0.0,0.0,0.0,0.0,0.0,0.0,0.0,0.0,0.0,0.0,0.0,0.0,0.0,0.0,0.0,0.0,0.0,0.0,0.0,0.0,0.0,0.0,0.0,0.0,0.0,0.0,0.0,0.0,0.0,0.0,0.0,6.7,6.7,20.1,20.1,33.5,46.9,60.3,87.1,100.5,127.3,134.0,147.4,160.8,187.6,207.7,254.6,274.7,288.1,314.9,335.0,361.8,368.5,402.0,415.4,442.2,482.4,509.2,529.3,536.0,549.4,576.2,596.3,643.2,663.3,690.1,722.644688808295,747.5697754526199,766.9480309346172,766.9480309346167,786.0676211193636,811.7052610305428,824.336845143924,849.2705647746328,855.5256652066664,861.7865762486963,891.7286038537958,903.9184016640886,920.813576150229,931.6668074094335,953.3752696271597,964.250070559963,980.4173890268368,1002.0555734546117,1018.2782062022413,1028.7188629946618,1044.3626495974695,1054.6978687147684,1074.3084692491313,1079.0293043199515,1079.0293043199483,1079.0293043198699,1083.7560744784203,1083.7560744784,1083.7560744783098,1088.4366443649253,1087.468346343714,1085.1639283880854,1081.0157257683634,1043.859905883229,1009.2091518565721,1008.4241144734173,1028.7492882131114,1027.699910724013,1022.0755915864771,1021.8786572498649,1007.1518733975648,1007.0425362131812,997.3503887355405,985.4727889029809,979.4950982336937,964.4387084937827,944.0408973067942,926.8699777451769,912.7651965066623,903.315603711674,897.2565589174712,885.2533963512252,866.9241625172093,848.2571441718271,816.6222416231674,802.0050490409159,780.8730998997682,755.8964295522508,735.4756761019712,719.4405253615123,715.9788492723259,704.9776337331685,684.3383510794681,671.3812489469569,650.449503537581,642.2934313665093,636.5875570256625,605.5799627698689,587.0159779785913,570.0127145601555,548.8615136835783,232.0875962158316,222.70406580455813,208.96491055152484,206.33161930429495,205.18818337456798,217.82026414164395,215.24264325714694,212.6878641176662,204.34575808581982,209.97518033463228,222.81801513587405,226.3822094163301,244.650765360429,246.24723800079005,261.5340624853349,285.7511258104666,302.8460121172302,311.6198917123364,313.9925642316624,323.04298140912243,341.7574942550051,352.38835546391897,355.1,323.9237286906721,300.2483548990605,268.0,232.8321530628161,203.71226639111367,167.5,143.01593156084354,130.20704926164575,115.45890309593017,84.40150657202713,61.31924721452553,27.719735602994778,10.511411064607996,1.2146058546009328,0.0,0.0,0.0,0.0,0.0,0.0,0.0,0.0,0.0,0.0,0.0,0.0,0.0,0.0,0.0,0.0,0.0,0.0,0.0,0.0,0.0,0.0,0.0,0.0,0.0,0.0,0.0,0.0,0.0,0.0,0.0,0.0,0.0,0.0,0.0
-1,45-mins-accident-1-capacity-remaining-start-10am,1300,Offline,Offline,1,100,100.0,100.0,5211.59,397.83,653.36,0.0,294.98,308.89,322.85,336.85,6840.0,6840.0,82080.0,240,0.0,0.0,0.0,0.0,0.0,0.0,0.0,0.0,0.0,0.0,0.0,0.0,0.0,0.0,0.0,0.0,0.0,0.0,0.0,0.0,0.0,0.0,0.0,0.0,0.0,0.0,0.0,0.0,0.0,0.0,0.0,0.0,0.0,0.0,0.0,0.0,0.0,0.0,0.0,0.0,0.0,0.0,0.0,0.0,0.0,0.0,0.0,0.0,0.0,0.0,0.0,0.0,0.0,0.0,0.0,0.0,0.0,0.0,0.0,0.0,0.0,0.0,6.7,6.7,20.1,20.1,33.5,46.9,60.3,87.1,100.5,127.3,134.0,147.4,160.8,187.6,207.7,254.6,274.7,288.1,314.9,335.0,361.8,368.5,402.0,415.4,442.2,482.4,509.2,529.3,536.0,549.4,576.2,596.3,643.2,663.3,690.1,723.6,750.4,770.3404672978419,770.3404672978346,790.1359962005059,815.9972012266534,829.1167881084028,855.0599234568659,861.2777394749423,867.4787582947058,898.1720984686174,897.8444160782992,914.4571194238991,925.338695571484,947.031509886652,957.7377185998776,973.8642870708051,995.2509997406935,1010.7663592810908,1021.0911817757877,1036.3452942161803,1045.9492021129054,1064.853756720802,1069.5069118742736,1069.506911874335,1069.5069118743284,1074.089958861427,1074.0899588613893,1074.089958861405,1078.562807127623,1077.1677214475337,1075.9012844218994,1084.0112137649746,1078.6087399871428,1053.9746743319513,1029.8569256855221,1035.3582001659177,1032.2098620997306,1027.3094360244472,1029.719833030674,1021.2496090049045,1024.010068281567,1022.0481756765164,1009.9549202305676,1002.6415122150398,990.9612698043705,972.0866704875307,952.6490276359935,937.4863936578898,926.9034791944472,920.6088992611648,907.1092678157469,887.7058311282958,862.4395953241852,833.1903743991597,813.5851629872977,788.0262925758169,762.1783193620479,741.7515017253588,735.365404438913,721.393863698399,696.3603380927364,677.0089571007996,657.7490121031873,650.3020093182904,620.6837451974144,595.1491493242221,576.5564566553483,555.8180793416453,534.8445363461851,516.3423418836177,201.56279088612146,194.52024635435984,190.3881574772218,194.9568335371419,191.67762196443562,208.0146478600984,205.6165448973729,197.00168630062052,206.29627376755445,217.5222957359899,232.85079580375816,234.50188359273932,249.78968763955473,257.7850227753123,274.13415350477663,296.5803993903968,310.5771088532863,324.0079663351843,328.49537793668685,336.44641843089767,340.4517970921291,341.13868929108105,308.2,293.5842611321108,268.0,238.84929350038007,221.1,173.27409032300955,160.82221516875842,140.7,126.62217428478232,112.69135176904379,85.46588525918479,67.75299531876311,49.19121094988911,34.8616712612877,15.186896738291468,0.0,0.0,0.0,0.0,0.0,0.0,0.0,0.0,0.0,0.0,0.0,0.0,0.0,0.0,0.0,0.0,0.0,0.0,0.0,0.0,0.0,0.0,0.0,0.0,0.0,0.0,0.0,0.0,0.0,0.0,0.0,0.0,0.0,0.0,0.0
-1,45-mins-accident-1-capacity-remaining-start-10am,1300,Offline,Offline,1,120,90.24,48.25,4624.02,352.98,478.33,0.0,285.53,297.78,310.06,322.37,6172.22,6840.0,74066.6,240,0.0,0.0,0.0,0.0,0.0,0.0,0.0,0.0,0.0,0.0,0.0,0.0,0.0,0.0,0.0,0.0,0.0,0.0,0.0,0.0,0.0,0.0,0.0,0.0,0.0,0.0,0.0,0.0,0.0,0.0,0.0,0.0,0.0,0.0,0.0,0.0,0.0,0.0,0.0,0.0,0.0,0.0,0.0,0.0,0.0,0.0,0.0,0.0,0.0,0.0,0.0,0.0,0.0,0.0,0.0,0.0,0.0,0.0,0.0,0.0,0.0,0.0,6.7,6.7,20.1,20.1,33.5,46.9,60.3,87.1,100.5,127.3,134.0,147.4,160.8,187.6,207.7,254.6,274.7,288.1,314.9,335.0,361.8,368.5,402.0,415.4,442.2,482.4,509.2,529.3,536.0,549.4,576.2,596.3,642.7567684069894,661.445213391112,684.6625615290026,711.9455159038971,732.6558801683483,747.7438288428099,747.7438288427996,762.3368670873056,780.5561740967715,789.2755230246571,807.086984154168,811.5346618900836,815.9794413533241,836.5123703215744,848.1084473576499,859.2504297251656,865.6100458038035,877.5878564124429,883.5093127150406,892.3288250902731,903.424800775442,911.5196813840847,916.6632069169874,924.5517138204569,929.6262132747453,939.8072381743633,942.4558110254907,942.4558110255211,942.4558110255434,944.5751378520879,944.5751378521704,944.5751378523128,946.562088171357,946.5620881714585,946.5620881716251,950.20859690666,958.7719366995927,961.7951336680181,957.597872647785,951.3695558563271,948.0761600816742,946.2271520580376,942.9495463107095,941.1816900946309,936.0897499000371,931.8688796227235,927.9580343455511,925.6326684731911,921.4626037299872,918.8216093387937,918.821609338574,918.8216093386553,918.8216093388346,918.8216093388696,918.8216093387701,918.821609338843,918.8216093386301,918.8216093387585,918.8216093386864,918.8216093387981,918.8216093386671,918.8216093386822,918.8216093386469,918.8216093386277,918.0584030111817,918.0584030112105,916.5970578612884,916.5970578611791,915.1537071657436,913.7457541404921,912.3732882195015,909.6153587038561,761.8961022481686,561.5930185608987,1.331099182503406,1.4243299156717097,1.5354853879369463,1.73175773592817,1.848533299694418,2.0030508713560375,2.0173486621211114,2.011730970313037,1.9679074851285463,1.8577467779991699,1.7001122652699538,1.6602051977578909,1.4661240460435958,1.3947774436336577,1.2685908225855598,1.126366015288912,1.0620910247061877,1.0274384734040005,1.0325608256881538,1.045848045503577,1.0821379063964138,1.1148628874436728,1.192436080118997,1.2194814198477761,1.244212525208291,1.2416931422757698,1.2212148777685528,1.2014581399651123,1.2014581399099349,1.1807535955826078,1.1566112639278316,1.1479753646915953,1.1275838179161124,1.1236954985261614,1.1206519925352512,1.1191905953740375,1.1287029629232468,1.1437222479719629,1.1548986883845451,1.1743541352583886,1.1812002323489121,1.1850653842823449,1.1684864378360702,1.0891011800934063,1.031177613692774,0.9426346689969345,0.8798983466202901,0.7616433469884848,0.7323059733071012,0.7323059733071012,0.7323059733071012,0.7045815758772627,0.7045815758772627,0.7045815758772627,0.6777713929713809,0.6777713929713809,0.6777713929713809,0.6270540252409963,0.3543067957370334,0.32319198311427993,0.2685886478591331,0.29458808235631917,0.2686674344652991,0.2758515578016057,0.23677879006827202,0.2092287882145709,0.15799170906741547,0.11405237830687164,0.08153397609061286,0.06669054338293265,0.02504584782624187,0.0
-1,45-mins-accident-1-capacity-remaining-start-10am,1300,Offline,Offline,1,150,84.9,0.44,4255.69,324.86,457.49,0.0,276.54,286.98,297.42,307.88,5807.02,6840.0,69684.24,240,0.0,0.0,0.0,0.0,0.0,0.0,0.0,0.0,0.0,0.0,0.0,0.0,0.0,0.0,0.0,0.0,0.0,0.0,0.0,0.0,0.0,0.0,0.0,0.0,0.0,0.0,0.0,0.0,0.0,0.0,0.0,0.0,0.0,0.0,0.0,0.0,0.0,0.0,0.0,0.0,0.0,0.0,0.0,0.0,0.0,0.0,0.0,0.0,0.0,0.0,0.0,0.0,0.0,0.0,0.0,0.0,0.0,0.0,0.0,0.0,0.0,0.0,6.7,6.7,20.1,20.1,33.5,46.9,60.3,87.1,100.5,127.3,134.0,147.4,160.8,187.6,207.7,254.6,274.7,288.1,314.9,335.0,361.8,368.5,402.0,415.4,442.2,482.4,509.2,529.3,536.0,549.4,576.2,595.312960470718,637.211138061538,654.4102168589508,675.8246253988675,701.241869836034,718.2028501562858,729.5224763055973,729.5224763056068,740.6343127024775,754.1650886468319,760.6726535733168,772.3617112650039,775.0443335405614,777.920983088471,787.4411689866153,792.4327557322379,796.2804117569116,798.2323375211779,801.7017005462244,802.213353543431,802.5611913544948,801.6789226331229,800.6685737483546,800.5300032148748,800.1162122056566,800.2875561309949,802.090100781698,802.6110212711952,802.6110212712528,802.6110212712383,803.5689363352477,803.5689363353781,803.5689363353108,804.2433434412283,804.2433434412159,804.2433434411677,805.8312387873439,814.471855996515,823.8607979706087,840.9218066874465,859.6609008929603,870.3685741463086,876.2167512971262,883.0686174830871,884.8817979342816,885.183499213128,884.1314620987964,882.0253262655598,881.3770452307991,878.9283728806807,876.5364585613771,876.5364585614158,876.5364585614298,876.5364585614244,876.5364585613723,876.536458561382,876.5364585615124,876.5364585613969,876.5364585613847,876.5364585615349,876.5364585615516,875.3359354523716,873.5256150218358,873.5256150216383,873.5256150216173,876.1111436356719,876.1111436356274,875.2909175592207,875.2909175595101,874.4885368442494,873.6951857295359,872.9221525759707,871.4090391825393,870.5373131683585,868.7795141083235,3.6867452230196767,3.6346080046120597,3.5825793917222963,3.4803274281480427,3.407416755642154,3.2500676229821113,3.1862387686151634,3.1447221877242213,3.062757290277771,3.002202367404985,2.9216546871347946,2.901023283127806,2.7971664440042905,2.755697002437341,2.673459625375364,2.552691291669602,2.474333695464366,2.416997874110949,2.3981908655033775,2.3610007614811828,2.2883132210394908,2.2356506745280993,2.116271356906345,2.0663939670777807,2.0007774125362117,1.9194621168257735,1.8544425750159625,1.8054709768789998,1.8054709757801963,1.756184194368559,1.6898149088815448,1.6562961828980955,1.5885226895574938,1.57142483483791,1.5542684489896323,1.4678969209529023,1.415555137998144,1.363085133426026,1.329621287390201,1.2639803758110493,1.231744412039692,1.1840403996195346,1.1214104468014625,1.0734312620814477,1.041034725838127,0.9917823009486857,0.9584832296040797,0.8912817939299301,0.8746197587009025,0.8746197587009025,0.8746197587009025,0.8581701999287761,0.8581701999287761,0.8581701999287761,0.8416544941539434,0.8416544941539434,0.8416544941539434,0.8080753118393638,0.6985157256905588,0.6077286410926287,0.5009407723328122,0.3766723191514073,0.31610529937140636,0.27785228298695,0.19681774301709223,0.1623297447214609,0.11271033189940104,0.08405846292042327,0.05615277753351608,0.042477555592872925,0.014485754080406818,0.0
-1,45-mins-accident-1-capacity-remaining-start-10am,1300,Offline,Offline,1,160,82.36,3.95,4095.39,312.63,445.66,0.0,273.06,283.15,293.27,303.42,5633.54,6840.0,67602.51,240,0.0,0.0,0.0,0.0,0.0,0.0,0.0,0.0,0.0,0.0,0.0,0.0,0.0,0.0,0.0,0.0,0.0,0.0,0.0,0.0,0.0,0.0,0.0,0.0,0.0,0.0,0.0,0.0,0.0,0.0,0.0,0.0,0.0,0.0,0.0,0.0,0.0,0.0,0.0,0.0,0.0,0.0,0.0,0.0,0.0,0.0,0.0,0.0,0.0,0.0,0.0,0.0,0.0,0.0,0.0,0.0,0.0,0.0,0.0,0.0,0.0,0.0,6.7,6.7,20.1,20.1,33.5,46.9,60.3,87.1,100.5,127.3,134.0,147.4,160.8,187.6,207.7,254.6,274.7,288.1,314.9,335.0,361.8,368.5,402.0,415.4,442.2,482.4,509.2,529.3,536.0,549.4,576.2,595.5238761565774,636.700063502262,652.8912839971558,672.9835791644002,694.1631297339392,708.4164784088509,718.1861423627561,718.1861423627271,727.9766251179741,739.8188348691723,744.9301410395981,753.6523724322974,755.6232098435523,757.6646121007918,765.1916708179757,768.9713888294606,771.7091843956721,772.6450366857309,774.1726830259247,774.5561534837095,775.526122309366,774.2925754273632,773.8535951269903,773.0752115527918,771.5418550286843,771.9509039177418,775.0446474450573,776.7971697541643,776.7971697542474,776.7971697543176,778.4735200462665,778.4735200461839,778.4735200460316,780.7880623029156,780.7880623031812,780.7880623031704,786.0863684814213,804.0912708555462,817.9971977815666,832.8854273485612,842.4058134335115,848.2655461212087,850.1946013753882,851.8402705139953,851.723320508547,851.0529688430588,850.2264158966847,848.670391413781,847.6652688247599,844.9095399876226,841.7452068448697,841.7452068448181,841.7452068447918,841.7452068448343,841.745206845123,841.7452068451258,841.7452068448612,840.3441754774784,838.5342073833052,838.5342073833405,838.534207383533,838.5342073834314,837.8117315364152,832.3700747115435,832.3700747112684,834.8575270086034,834.8575270086902,834.7319240506706,833.6581815776966,832.5237406041128,836.9987852526684,835.7490025696295,833.3048343573815,832.0573121216298,829.6002969290298,1.0469730884678528,1.044595313278523,1.0406761272603866,1.0293853621770597,1.0151512663802873,0.9744844816210961,0.9571558639146827,0.9458488452386807,0.9205267209243627,0.9000269847148381,0.8716958625189822,0.864535776799614,0.8291238916755063,0.8151515771259804,0.7881284433076248,0.7503644353119991,0.7269814138603717,0.7101613199690735,0.7046587968626773,0.6938027435761448,0.6725864353074885,0.6569446195906439,0.6204888690440354,0.6047030444077225,0.5829929582574409,0.5552157903343261,0.5324142338145967,0.5153343510396743,0.5153343512568799,0.49847608708307634,0.47671597789332054,0.46604747034415994,0.4449257747638716,0.439663578451034,0.43439652673145346,0.4074586958103316,0.3907001279828726,0.37377582513454144,0.36284083253001165,0.3430736204497909,0.3348632314571653,0.32267990965460236,0.30586479734461397,0.2924207825393202,0.2833595038678244,0.26961264439324567,0.26042168071411126,0.2420886057533361,0.23753020094354454,0.23753020094354454,0.23753020094354454,0.23296246765722423,0.23296246765722423,0.23296246765722423,0.2283906966521809,0.2283906966521809,0.2283906966521809,0.21928537697185377,0.18836194671412024,0.16522703468515512,0.13809069470634056,0.10383294316455124,0.08365742137754102,0.07039687107722029,0.05044800148374274,0.04324161531952996,0.032500934971708154,0.025109567328783996,0.01721403494591818,0.013089547150832513,0.004335394072536145,0.0
-1,45-mins-accident-1-capacity-remaining-start-10am,1300,Offline,Offline,1,170,84.1,9.65,4222.35,322.32,452.63,0.0,277.3,288.05,298.81,309.59,5752.45,6840.0,69029.36,240,0.0,0.0,0.0,0.0,0.0,0.0,0.0,0.0,0.0,0.0,0.0,0.0,0.0,0.0,0.0,0.0,0.0,0.0,0.0,0.0,0.0,0.0,0.0,0.0,0.0,0.0,0.0,0.0,0.0,0.0,0.0,0.0,0.0,0.0,0.0,0.0,0.0,0.0,0.0,0.0,0.0,0.0,0.0,0.0,0.0,0.0,0.0,0.0,0.0,0.0,0.0,0.0,0.0,0.0,0.0,0.0,0.0,0.0,0.0,0.0,0.0,0.0,6.7,6.7,20.1,20.1,33.5,46.9,60.3,87.1,100.5,127.3,134.0,147.4,160.8,187.6,207.7,254.6,274.7,288.1,314.9,335.0,361.8,368.5,402.0,415.4,442.2,482.4,509.2,529.3,536.0,549.4,576.2,596.3,639.2887293281918,656.3301777421404,677.0909265513649,700.4922039252773,717.3774961797624,728.579884561813,728.5798845617308,738.903701385554,752.5945146287538,759.3759842793744,772.2944503545589,775.2039720272112,778.0629375868637,789.7417364015563,796.8268469535661,802.2964981647845,806.001596444198,811.7010270740241,813.7450009655676,816.588260440279,819.1857548029058,819.5938967126018,819.7774428383547,820.5718858508347,821.0769174147803,825.054092118446,826.4091505834958,826.4091505837182,826.4091505836244,827.9399847079253,827.9399847077643,827.9399847080219,829.2729410728815,829.2729410729141,829.2729410731363,832.8736850463677,845.2826446350996,854.4804484819485,864.19667102661,876.0442056306122,878.2485605178139,878.0641703154226,876.4361836169428,873.6285108677223,866.071328071688,861.0155082529001,857.4513778388548,855.5456302449757,851.7862854351956,850.889207145103,850.8892071450923,850.8892071447725,850.889207144978,849.8390989160413,847.689118567968,847.6891185681822,847.68911856817,847.6891185679605,847.2572827232359,841.5144152368334,841.5144152365204,841.5144152368982,840.0473034385783,835.5740266141574,833.0238333083843,829.5725300198536,829.8519273893646,818.6434773674305,821.3916964277411,820.8290728408286,819.3494464354195,821.3417701629833,822.827594332762,829.9268192165893,0.0,0.0,0.0,0.0,0.0,0.0,0.0,0.0,0.0,0.0,0.0,0.0,0.0,0.0,0.0,0.0,0.0,0.0,0.0,0.0,0.0,0.0,0.0,0.0,0.0,0.0,0.0,0.0,0.0,0.0,0.0,0.0,0.0,0.0,0.0,0.0,0.0,0.0,0.0,0.0,0.0,0.0,0.0,0.0,0.0,0.0,0.0,0.0,0.0,0.0,0.0,0.0,0.0,0.0,0.0,0.0,0.0,0.0,0.0,0.0,0.0,0.0,0.0,0.0,0.0,0.0,0.0,0.0,0.0,0.0,0.0,0.0
-1,45-mins-accident-1-capacity-remaining-start-10am,1300,Offline,Offline,1,175,87.31,21.93,4515.28,344.68,465.32,0.0,282.29,294.18,306.1,318.03,5971.93,6840.0,71663.17,240,0.0,0.0,0.0,0.0,0.0,0.0,0.0,0.0,0.0,0.0,0.0,0.0,0.0,0.0,0.0,0.0,0.0,0.0,0.0,0.0,0.0,0.0,0.0,0.0,0.0,0.0,0.0,0.0,0.0,0.0,0.0,0.0,0.0,0.0,0.0,0.0,0.0,0.0,0.0,0.0,0.0,0.0,0.0,0.0,0.0,0.0,0.0,0.0,0.0,0.0,0.0,0.0,0.0,0.0,0.0,0.0,0.0,0.0,0.0,0.0,0.0,0.0,6.7,6.7,20.1,20.1,33.5,46.9,60.3,87.1,100.5,127.3,134.0,147.4,160.8,187.6,207.7,254.6,274.7,288.1,314.9,335.0,361.8,368.5,402.0,415.4,442.2,482.4,509.2,529.3,536.0,549.4,576.2,596.3,641.848322695954,659.1173752088164,681.3206676573305,706.0577395190516,723.4733829471189,735.8877330883217,735.8877330883248,747.5611793623117,764.4183344353061,773.1385236533033,790.2856881647048,794.4555968920992,798.5996741764068,818.0384741847494,828.4181387399705,837.3247866079756,843.2774471764587,854.785188884692,860.637923483297,868.8704586879413,879.4022304448547,887.5194109200852,892.6997792966042,900.5909818884485,905.2283218139576,913.3029326563505,915.0396447149134,915.0396447148996,915.0396447149412,916.5424306721294,916.5424306720337,916.5424306719593,918.0277198942572,918.0277198941653,918.0277198940308,920.8387465086807,932.4317421383071,939.1774562739965,934.7771510308595,920.6081166488513,913.3272350223671,909.4366270916686,902.4525487319984,899.5735735800478,894.3377645444381,890.7832730975338,887.4240505319337,885.657111111955,882.7100491390926,881.3420672725773,881.3420672724662,881.3420672725772,881.3420672727025,880.0791497599087,878.2569682946915,878.2569682944538,874.7403195297724,872.1541128554155,872.091065868888,866.2630055579153,860.5721616944633,854.6832031980288,843.8805729889181,838.7085921427289,837.9869864303059,830.0970623132713,832.6128246639631,831.1856748472085,830.7561324758566,830.5996650278331,823.8051019671212,809.1022358871721,802.894680799362,801.8592059029911,0.0,0.0,0.0,0.0,0.0,0.0,0.0,0.0,0.0,0.0,0.0,0.0,0.0,0.0,0.0,0.0,0.0,0.0,0.0,0.0,0.0,0.0,0.0,0.0,0.0,0.0,0.0,0.0,0.0,0.0,0.0,0.0,0.0,0.0,0.0,0.0,0.0,0.0,0.0,0.0,0.0,0.0,0.0,0.0,0.0,0.0,0.0,0.0,0.0,0.0,0.0,0.0,0.0,0.0,0.0,0.0,0.0,0.0,0.0,0.0,0.0,0.0,0.0,0.0,0.0,0.0,0.0,0.0,0.0,0.0,0.0,0.0
-1,45-mins-accident-1-capacity-remaining-start-10am,1300,Offline,Offline,1,180,88.18,20.18,4552.86,347.55,469.35,0.0,284.3,296.39,308.5,320.64,6031.39,6840.0,72376.7,240,0.0,0.0,0.0,0.0,0.0,0.0,0.0,0.0,0.0,0.0,0.0,0.0,0.0,0.0,0.0,0.0,0.0,0.0,0.0,0.0,0.0,0.0,0.0,0.0,0.0,0.0,0.0,0.0,0.0,0.0,0.0,0.0,0.0,0.0,0.0,0.0,0.0,0.0,0.0,0.0,0.0,0.0,0.0,0.0,0.0,0.0,0.0,0.0,0.0,0.0,0.0,0.0,0.0,0.0,0.0,0.0,0.0,0.0,0.0,0.0,0.0,0.0,6.7,6.7,20.1,20.1,33.5,46.9,60.3,87.1,100.5,127.3,134.0,147.4,160.8,187.6,207.7,254.6,274.7,288.1,314.9,335.0,361.8,368.5,402.0,415.4,442.2,482.4,509.2,529.3,536.0,549.4,576.2,596.3,643.0385708674775,662.1748860686907,685.9569827296004,712.706010484296,732.0921089283765,745.3334904812438,745.3334904812525,758.4638975938246,774.8077138082255,783.3536471406712,800.0839037537795,804.2441781533087,808.355591975074,828.6654964010023,837.9863340433985,847.261970280587,853.1791466189027,865.0002379466293,870.9995569806932,879.3074790572057,890.3910486945471,898.7732615977224,904.3419275584438,912.1557950469917,917.875045146441,927.9047289929397,929.9917809637257,929.991780963849,929.9917809638348,932.0731575472264,932.0731575469938,932.0731575470483,933.8342049430813,933.8342049430593,933.8342049431806,936.9224020969946,945.7851472079938,946.9938666694484,938.712189119223,920.8854060776395,912.6933488359367,906.8167138803121,897.9022347854611,893.5588887048448,888.2966837936614,886.142393206732,883.6355545018529,881.9371766337903,878.2476866900262,876.3508815801174,876.3508815799847,876.3508815799066,876.3508815803705,876.3508815801686,876.3508815798756,876.3508815798494,876.3508815801255,876.3508815801157,876.350881579993,876.3508815799797,876.3508815799706,876.3508815798394,874.2855084442563,873.4835432081779,868.4625897459161,851.3831847925212,845.5666182933999,842.7870429762709,839.6279818641599,841.7728419472115,843.4162728297014,844.2779161146915,844.9897983686163,835.3719226695562,0.0,0.0,0.0,0.0,0.0,0.0,0.0,0.0,0.0,0.0,0.0,0.0,0.0,0.0,0.0,0.0,0.0,0.0,0.0,0.0,0.0,0.0,0.0,0.0,0.0,0.0,0.0,0.0,0.0,0.0,0.0,0.0,0.0,0.0,0.0,0.0,0.0,0.0,0.0,0.0,0.0,0.0,0.0,0.0,0.0,0.0,0.0,0.0,0.0,0.0,0.0,0.0,0.0,0.0,0.0,0.0,0.0,0.0,0.0,0.0,0.0,0.0,0.0,0.0,0.0,0.0,0.0,0.0,0.0,0.0,0.0,0.0
-1,45-mins-accident-1-capacity-remaining-start-10am,1300,Offline,Offline,1,185,88.81,11.4,4543.28,346.82,472.95,0.0,287.18,299.34,311.52,323.72,6074.72,6840.0,72896.62,240,0.0,0.0,0.0,0.0,0.0,0.0,0.0,0.0,0.0,0.0,0.0,0.0,0.0,0.0,0.0,0.0,0.0,0.0,0.0,0.0,0.0,0.0,0.0,0.0,0.0,0.0,0.0,0.0,0.0,0.0,0.0,0.0,0.0,0.0,0.0,0.0,0.0,0.0,0.0,0.0,0.0,0.0,0.0,0.0,0.0,0.0,0.0,0.0,0.0,0.0,0.0,0.0,0.0,0.0,0.0,0.0,0.0,0.0,0.0,0.0,0.0,0.0,6.7,6.7,20.1,20.1,33.5,46.9,60.3,87.1,100.5,127.3,134.0,147.4,160.8,187.6,207.7,254.6,274.7,288.1,314.9,335.0,361.8,368.5,402.0,415.4,442.2,482.4,509.2,529.3,536.0,549.4,576.2,596.3,643.2,662.7805049347468,687.7799465989018,717.774012459925,740.378166912118,756.8536752508871,756.8536752509032,772.5796026300236,792.2920987136854,801.3361768655113,819.0596219143147,823.3793458012078,827.6666193402754,848.0690771343682,858.2389818842827,868.1111726227938,873.8617203890084,884.9021483797529,890.4280435129632,897.5265074735088,906.7321275247722,913.15526240192,917.4570351448946,923.0120697582807,926.5574727883023,933.7804694621179,935.6047249654658,935.604724965763,935.6047249654409,936.7997077653724,936.7997077653629,936.7997077654386,937.8821322518603,937.8821322520289,937.8821322519043,939.9820943572682,945.0017788270408,942.7510086850004,928.6262438689007,912.0967780623045,904.0931734676728,898.6861781774833,891.5536374234846,888.3428111639691,884.6709744517972,883.3245336186451,881.1349909321302,879.602477006793,877.2679873835386,875.7587173182962,875.758717318171,875.7587173182532,875.7587173183747,875.7587173184205,875.7587173181972,875.7587173182652,875.7587173184893,875.758717318167,875.7587173183067,875.7587173182752,875.7587173183682,875.7587173182222,875.758717318375,875.7587173182798,875.2553291573261,875.2553291575695,874.2874682536102,874.2874682538896,873.348283463481,872.4557388858503,871.6090091174469,869.9373631926245,869.0836385201465,790.258690887783,0.0,0.0,0.0,0.0,0.0,0.0,0.0,0.0,0.0,0.0,0.0,0.0,0.0,0.0,0.0,0.0,0.0,0.0,0.0,0.0,0.0,0.0,0.0,0.0,0.0,0.0,0.0,0.0,0.0,0.0,0.0,0.0,0.0,0.0,0.0,0.0,0.0,0.0,0.0,0.0,0.0,0.0,0.0,0.0,0.0,0.0,0.0,0.0,0.0,0.0,0.0,0.0,0.0,0.0,0.0,0.0,0.0,0.0,0.0,0.0,0.0,0.0,0.0,0.0,0.0,0.0,0.0,0.0,0.0,0.0,0.0,0.0
-1,45-mins-accident-1-capacity-remaining-start-10am,1300,Offline,Offline,1,190,89.33,14.91,4576.08,349.32,475.46,0.0,287.42,299.63,311.85,324.1,6110.36,6840.0,73324.33,240,0.0,0.0,0.0,0.0,0.0,0.0,0.0,0.0,0.0,0.0,0.0,0.0,0.0,0.0,0.0,0.0,0.0,0.0,0.0,0.0,0.0,0.0,0.0,0.0,0.0,0.0,0.0,0.0,0.0,0.0,0.0,0.0,0.0,0.0,0.0,0.0,0.0,0.0,0.0,0.0,0.0,0.0,0.0,0.0,0.0,0.0,0.0,0.0,0.0,0.0,0.0,0.0,0.0,0.0,0.0,0.0,0.0,0.0,0.0,0.0,0.0,0.0,6.7,6.7,20.1,20.1,33.5,46.9,60.3,87.1,100.5,127.3,134.0,147.4,160.8,187.6,207.7,254.6,274.7,288.1,314.9,335.0,361.8,368.5,402.0,415.4,442.2,482.4,509.2,529.3,536.0,549.4,576.2,596.3,643.2,662.693987360618,687.8263061415838,718.106035621158,740.9570168412846,757.5080016121866,757.5080016121545,773.4516422433935,793.306090855923,802.4006267363098,820.20656606402,824.6118462477071,828.941820907095,849.8250073087655,859.861355217112,870.0317772553966,875.7857312420427,886.9116643688942,892.3135539009925,899.7506469132279,908.7348332974527,915.0781349756131,919.2232546288133,925.603729850129,929.3675597059193,936.7822546373945,938.6369859941032,938.6369859940122,938.6369859940978,940.44114466071,940.4411446606092,940.4411446606717,941.9019518534313,941.9019518537223,941.901951853716,944.4828197161445,951.0627142841524,951.8251217481245,941.323696096922,925.6635900117394,918.4239664128628,914.0622331576301,909.3314621883662,906.580191149799,901.5089160974608,898.4601169120839,896.1179359453532,894.331723986475,889.8794339595571,887.6038400431199,887.6038400431545,887.6038400432898,887.6038400430364,887.603840043198,887.6038400433024,887.6038400428966,887.6038400430443,887.6038400428973,887.6038400429716,887.6038400430331,887.6038400430782,887.6038400428603,887.6038400429247,887.6038400428885,886.9495529115012,886.9495529112716,885.7106587198258,885.710658719711,884.5513751903129,883.4109941051032,882.3324227638566,880.2314253325064,807.6303361876422,725.6939032652034,0.0,0.0,0.0,0.0,0.0,0.0,0.0,0.0,0.0,0.0,0.0,0.0,0.0,0.0005953239090894253,0.05038938151197337,0.208351008203029,0.2632976799984642,0.28276901361211565,0.28912672727330585,0.30413892916661295,0.36829394902754053,0.6275861223068508,1.3036964959674884,1.5500948852327607,2.0127528977933027,2.5851016564964366,2.4522547325927193,2.0174769292988093,2.0174769293056287,1.50796024130049,1.005611940076663,0.9131139956940311,0.8937412770469162,0.8796720466475002,0.8301675398533069,0.0,0.0,0.0,0.0,0.0,0.0,0.0,0.147219975098008,0.2141652368600772,0.10942211993545044,0.14518540150120415,0.2449442039449363,0.46418860575047294,0.4892881907695594,0.4892881907695594,0.4892881907695594,0.5006045511335091,0.5006045511335091,0.5006045511335091,0.473047699329025,0.473047699329025,0.473047699329025,0.4058831458049289,0.0004976650853768705,0.0,0.0,0.0,0.2241521928903628,0.7220686129302795,0.7817797361457185,0.6457013217216294,0.6249831329402714,0.5472344328229071,0.24492355742200456,0.13961061844970604,0.007591717176531173,0.0
-1,45-mins-accident-1-capacity-remaining-start-10am,1300,Offline,Offline,1,195,88.45,11.84,4494.53,343.09,471.51,0.0,286.52,298.53,310.56,322.6,6049.74,6840.0,72596.93,240,0.0,0.0,0.0,0.0,0.0,0.0,0.0,0.0,0.0,0.0,0.0,0.0,0.0,0.0,0.0,0.0,0.0,0.0,0.0,0.0,0.0,0.0,0.0,0.0,0.0,0.0,0.0,0.0,0.0,0.0,0.0,0.0,0.0,0.0,0.0,0.0,0.0,0.0,0.0,0.0,0.0,0.0,0.0,0.0,0.0,0.0,0.0,0.0,0.0,0.0,0.0,0.0,0.0,0.0,0.0,0.0,0.0,0.0,0.0,0.0,0.0,0.0,6.7,6.7,20.1,20.1,33.5,46.9,60.3,87.1,100.5,127.3,134.0,147.4,160.8,187.6,207.7,254.6,274.7,288.1,314.9,335.0,361.8,368.5,402.0,415.4,442.2,482.4,509.2,529.3,536.0,549.4,576.2,596.3,642.6669069655209,662.1999505433369,686.8159148342568,717.0032328435134,740.012622284023,756.5301866783826,756.5301866783809,771.7569688483733,790.8326992516073,799.6102493381926,816.9485184738361,821.244407893436,825.4082090141706,844.6414260632638,853.8055400105302,862.3928925448162,867.5501638514227,877.8561296930629,882.6822841591111,889.291729703883,897.3874456273998,903.3340836833629,907.4164741409021,912.5271657002818,916.016019162761,922.6054080398532,923.7893891005109,923.7893891004774,923.7893891005109,925.015601358695,925.0156013586919,925.0156013586976,926.1722920364004,926.1722920365338,926.1722920365164,928.2966914321473,934.8624192046298,934.7556133287658,927.4424361117727,916.006742950839,907.4367134783827,901.1576434138061,892.7855545680195,890.1629018772824,887.839558342869,885.0630056591184,881.6446697963981,879.9010077737992,877.1651016530543,875.4513121900335,875.4513121901654,875.4513121899114,875.4513121899123,875.4513121899481,875.4513121898103,875.4513121900388,875.4513121899588,875.4513121901362,875.4513121901456,875.4513121901687,875.4513121898957,875.4513121898833,875.4513121900175,875.4513121901234,874.8495594229952,874.84955942318,873.5878860945022,873.5878860943143,872.2942511373695,871.0494192460764,869.7809812916039,867.0999809011723,853.4381966263612,757.3996281708735,0.0,0.0,0.0,0.0,0.0,0.0,0.0,0.0,0.0,0.0,0.0,0.0,0.0,0.0,0.0,0.0,0.0,0.0,0.0,0.0,0.0,0.0,0.0,0.0,0.0,0.0,0.0,0.0,0.0,0.0,0.0,0.0,0.0,0.0,0.0,0.0,0.0,0.0,0.0,0.0,0.0,0.0,0.0,0.0,0.0,0.0,0.0,0.0,0.0,0.0,0.0,0.0,0.0,0.0,0.0,0.0,0.0,0.0,0.0,0.0,0.0,0.0,0.0,0.0,0.0,0.0,0.0,0.0,0.0,0.0,0.0,0.0
-1,45-mins-accident-1-capacity-remaining-start-10am,1300,Offline,Offline,1,200,89.0,45.18,5125.73,391.28,472.35,0.0,287.24,300.73,314.27,327.84,6087.6,6840.0,73051.19,240,0.0,0.0,0.0,0.0,0.0,0.0,0.0,0.0,0.0,0.0,0.0,0.0,0.0,0.0,0.0,0.0,0.0,0.0,0.0,0.0,0.0,0.0,0.0,0.0,0.0,0.0,0.0,0.0,0.0,0.0,0.0,0.0,0.0,0.0,0.0,0.0,0.0,0.0,0.0,0.0,0.0,0.0,0.0,0.0,0.0,0.0,0.0,0.0,0.0,0.0,0.0,0.0,0.0,0.0,0.0,0.0,0.0,0.0,0.0,0.0,0.0,0.0,6.7,6.7,20.1,20.1,33.5,46.9,60.3,87.1,99.27818774739102,118.69822491303137,124.7756839576855,139.62285322340537,158.0973593339537,187.6,207.7,254.6,274.7,288.1,314.9,335.0,361.8,368.5,377.05648766598915,362.2680329354305,313.0163993690359,450.5445080896462,509.2,529.3,536.0,549.4,576.2,596.3,643.2,663.3,689.0928108277725,723.6,749.9662926148895,769.7328503000138,769.7328503000144,783.7693948229326,797.0543443057908,801.8531179413702,808.1847797460214,809.7219286488717,811.1341420847439,816.6310610171587,895.4105150689273,910.5350921292433,920.5007211434473,939.9536371024666,949.1148985333093,962.8899324002977,980.450410539984,992.6895547528447,1000.3470161131221,1012.1874800603283,1019.9971624183224,1034.7273040436482,1038.2407364713072,1038.2407364713706,1038.2407364712572,1041.4688194344064,1041.4688194344076,1041.4688194345151,1044.6301729362037,1044.6301729362253,1042.5048974641702,1047.645807828487,1065.2014716956874,1066.1520145654665,1060.3704554872459,1041.924246176373,1027.4510423350023,1015.0867787284388,994.4630697177957,983.4805483222839,957.9484891422752,939.7540143001361,903.7188046676227,844.0579225576354,822.8441163296951,810.467385443133,804.7229686144665,803.7445461614844,802.4210294542171,800.3702373962162,791.7981517327768,791.7981517327712,789.8914880641806,787.9476085577047,787.9476085577791,781.4969336479458,780.1076126030551,770.5143865741543,768.0119186975716,761.9915319049968,761.73152141907,755.7194266812094,757.4188155837962,754.6508679599789,753.6423069431124,747.3315300665987,743.4507291943012,733.1433699424258,723.7194295251759,718.1170981707203,2.7506899127334323,1.2891736512130665,0.1264055103953839,0.0,0.0012392782293652585,0.0,0.0,0.0,0.0,0.0,0.0,0.0,0.0,0.0,0.0,0.0,0.00254416642823515,0.024221322794779714,0.07702545955310006,0.3158157732922979,0.7366480832148908,0.9665427395225862,2.423500604756548,3.925702836244728,2.965149653563305,1.534045896606315,1.1536486448339587,1.2634649423900468,1.2634649429931037,1.7530659689818375,2.7206196894070755,3.3088011927247796,4.048067062037534,4.459884747224273,4.903290464280461,5.162402588747073,2.9950773514049707,1.470364320230607,1.169953468709092,0.618500570693991,0.3989994371257743,0.19530760662987798,0.12948091241885504,0.18045702580865627,0.12584048250545013,0.04567756112143309,0.023464861979376295,0.017480171911171988,0.01814371528954917,0.01814371528954917,0.01814371528954917,0.01907001173811472,0.01907001173811472,0.01907001173811472,0.019624676699304767,0.019624676699304767,0.019624676699304767,0.02044322425281203,0.09703801223838521,0.13448121649279687,0.0874595146155252,0.08790969512307097,0.5817045789721209,0.9518672548211209,0.6992012790906357,0.4629417978120298,0.18501287542460726,0.10301815820422397,0.04625157144923543,0.026990800767368546,0.0,0.0
-1,45-mins-accident-1-capacity-remaining-start-10am,1300,Offline,Offline,1,205,80.86,0.0,5732.57,437.6,287.64,0.0,53.14,67.71,82.35,97.06,5530.89,6840.0,66370.7,240,0.0,0.0,0.0,0.0,0.0,0.0,0.0,0.0,0.0,0.0,0.0,0.0,0.0,0.0,0.0,0.0,0.0,0.0,0.0,0.0,0.0,0.0,0.0,0.0,0.0,0.0,0.0,0.0,0.0,0.0,0.0,0.0,0.0,0.0,0.0,0.0,0.0,0.0,0.0,0.0,0.0,0.0,0.0,0.0,0.0,0.0,0.0,0.0,0.0,0.0,0.0,0.0,0.0,0.0,0.0,0.0,0.0,0.0,0.0,0.0,0.0,0.0,0.0,0.0,0.0,0.0,0.0,0.0,0.0,0.0,0.0,0.0,0.0,0.0,0.0,0.0,0.0,0.0,0.0,0.0,0.0,0.0,0.0,0.0,0.0,0.0,0.0,0.0,0.0,0.0,0.0,0.0,0.0,0.0,0.0,0.0,0.0,0.0,0.0,0.0,0.0,0.0,0.0,0.0,0.0,0.0,0.0,0.0,923.2560546219466,942.8823558838268,955.9678581648415,981.9338051250988,994.7653929437625,1013.4145027419336,1037.3250697281433,1054.4115640312718,1065.6889449353007,1082.746915898609,1093.9886164693962,1115.7342869910835,1121.1277013197746,1121.1277013197853,1121.1277013197853,1126.3511067600725,1126.3511067600973,1126.3511067600546,1131.474909023913,1131.4749090239113,1131.4749090239436,1141.3982608370777,1176.0994356165156,1192.374147112479,1180.7446772874093,1166.6415816983906,1160.249542902683,1156.471288239805,1151.6122747303973,1147.9204874162215,1141.4388604342998,1136.5139370921322,1131.0524291418064,1127.9819537711944,1121.0437274377446,1117.383884888791,1117.3838848888674,1117.383884888895,1117.383884888834,1117.3838848889027,1117.3838848888233,1117.383884889039,1117.3838848889704,1117.3838848889004,1117.3838848889027,1117.3838848889225,1117.3838848889009,1117.383884889035,1117.383884888826,1117.3838848890382,1116.535093393627,1116.5350933936643,1114.3265922188941,1114.326592218751,1111.6745353647582,1108.722722570512,1105.8552032402747,1100.1457359603132,1097.3300102621577,1091.81648198879,0.8944052845157474,0.45162687004846047,0.12332035220508378,0.0,0.0,0.0,0.0,0.0,0.0,0.0,0.0,0.0,0.0,0.0,0.0,0.0,0.0,0.0,0.0,0.0,0.0,0.0,0.0,0.0,0.0,0.0,0.0,0.0,0.0,0.0,0.0,0.0,0.0,0.0,0.0,0.0,0.0,0.0,0.0,0.0,0.0,0.0,0.0,0.0,0.0,0.0,0.0,0.0,0.0,0.0,0.0,0.0,0.0,0.0,0.0,0.0,0.0,0.0,0.0,0.0,0.0,0.05678261552827421,0.171554799934191,0.20262889136744025,0.14258218701071165,0.0958347683932405,0.015077621559085326,0.0,0.0,0.0,0.0,0.0
-1,45-mins-accident-1-capacity-remaining-start-10am,1300,Offline,Offline,1,210,80.31,0.0,5719.99,436.64,285.66,0.0,52.35,66.69,81.09,95.57,5493.42,6840.0,65921.01,240,0.0,0.0,0.0,0.0,0.0,0.0,0.0,0.0,0.0,0.0,0.0,0.0,0.0,0.0,0.0,0.0,0.0,0.0,0.0,0.0,0.0,0.0,0.0,0.0,0.0,0.0,0.0,0.0,0.0,0.0,0.0,0.0,0.0,0.0,0.0,0.0,0.0,0.0,0.0,0.0,0.0,0.0,0.0,0.0,0.0,0.0,0.0,0.0,0.0,0.0,0.0,0.0,0.0,0.0,0.0,0.0,0.0,0.0,0.0,0.0,0.0,0.0,0.0002741981324657654,0.0002741981324657654,0.0021835608798287187,0.0021835608798287187,0.0013422731448129608,0.0,0.0,0.0,0.0,0.0,0.0,0.0,0.0,0.0,0.0,0.0,0.0,0.0,0.0,0.0,0.0,0.0,0.0,0.0,0.0,0.0,0.0,0.0,0.0,0.0,0.0,0.0,0.0,0.0,0.0,0.0,0.0,0.0,0.0,0.0,0.0,0.0,0.0,0.0,0.0,0.0,915.9935282444902,934.4112766230323,946.2476096957038,968.8150827423982,979.9280998128933,996.6315725650359,1019.0933571090892,1035.8562850246453,1047.0947702425888,1063.8674396716701,1075.0908288722678,1097.569519641944,1102.9225160927815,1102.9225160928152,1102.9225160927665,1108.16429843023,1108.1642984303762,1108.1642984303087,1113.4600026179198,1113.4600026179455,1113.4600026179392,1124.5542916487013,1164.019581670722,1189.7580397203512,1177.1851183067406,1163.591452313603,1157.314525440601,1154.2375971863396,1149.7851802201255,1145.660366873702,1139.0773563016703,1134.353609536747,1129.042665849981,1126.080538443575,1119.0273308411086,1115.1197529501533,1115.119752950291,1115.1197529500998,1115.1197529500955,1115.1197529499757,1115.1197529500619,1115.119752950063,1115.1197529502663,1115.119752950286,1115.1197529501,1115.1197529502037,1115.11975295011,1115.1197529502692,1115.1197529502404,1115.119752950366,1114.4474001256438,1114.4474001257092,1112.641012438818,1112.6410124389192,1110.3250295637147,1107.9354477050256,1105.403248772489,1099.928113429705,1097.0856064814777,1091.1047279564323,0.0,0.012653770718708737,0.00045664745462632006,0.0,0.0,0.0,0.0,0.0,0.0,0.0,0.0,0.0,0.0,0.0,0.0,0.0,0.0,0.0,0.0,0.0,0.0,0.0,0.0,0.0,0.0,0.0,0.0,0.0,0.0,0.0,0.0,0.0,0.0,0.0,0.0,0.0,0.0,0.0,0.0,0.0,0.0,0.0,0.0,0.0,0.0,0.0,0.0,0.0016520362416412892,0.0026703122896966336,0.0026703122896966336,0.0026703122896966336,0.003019054296690019,0.003019054296690019,0.003019054296690019,0.0032303635494223206,0.0032303635494223206,0.0032303635494223206,0.0024915013420655423,0.0,0.0,0.0,0.02274403911148916,0.08694586737827517,0.09276776631719066,0.05489290411917043,0.02098742748417458,0.0,0.0,0.0,0.0,0.0004646278551608312,0.0
-1,45-mins-accident-1-capacity-remaining-start-10am,1300,Offline,Offline,1,215,80.06,0.0,5716.04,436.34,284.75,0.0,52.04,66.3,80.63,95.04,5475.82,6840.0,65709.85,240,0.0,0.0,0.0,0.0,0.0,0.0,0.0,0.0,0.0,0.0,0.0,0.0,0.0,0.0,0.0,0.0,0.0,0.0,0.0,0.0,0.0,0.0,0.0,0.0,0.0,0.0,0.0,0.0,0.0,0.0,0.0,0.0,0.0,0.0,0.0,0.0,0.0,0.0,0.0,0.0,0.0,0.0,0.0,0.0,0.0,0.0,0.0,0.0,0.0,0.0,0.0,0.0,0.0,0.0,0.0,0.0,0.0,0.0,0.0,0.0,0.0,0.0,0.00022109306370375744,0.00022109306370375744,0.001078276482300896,0.001078276482300896,0.0018890878433461846,0.0,0.0,0.0,0.0,0.0,0.0,0.0,0.0,0.0,0.0,0.0,0.0,0.0,0.0,0.0,0.0,0.0,0.0,0.0,0.0,0.0,0.0,0.0,0.0,0.0,0.0,0.0,0.0,0.0,0.0,0.0,0.0,0.0,0.0,0.0,0.0,0.0,0.00023484087332827054,0.002668392498782077,0.013498673369571033,0.07530949889225286,911.3975626120683,928.6650512616723,939.977010196803,962.5499404012169,973.759586844259,990.2442287751678,1012.707361886926,1029.7568825753601,1040.7001644526001,1057.6769394539315,1068.8282878055459,1091.5437135137922,1097.072814927296,1097.0728149272977,1097.072814927324,1102.5560560432987,1102.5560560433196,1102.5560560432775,1108.0933615568583,1108.093361556794,1108.0933615568326,1119.6032674813805,1159.555571012325,1188.9365629258373,1176.139387409345,1162.6168937358702,1156.112312859769,1153.501875734491,1147.52661598644,1143.7833682455764,1136.5216034678278,1131.493610199457,1126.5124875838644,1123.4926433300313,1116.4716774431454,1112.669598505104,1112.669598505291,1112.6695985048993,1112.669598505082,1112.6695985052618,1112.6695985051965,1112.6695985052388,1112.669598505279,1112.6695985052343,1112.6695985052572,1112.6695985049996,1112.6695985053243,1112.6695985050824,1112.6695985049978,1112.6695985051267,1111.9298089644626,1111.9298089645984,1109.994783855401,1109.9947838556309,1107.8920507481614,1105.8133746579035,1103.5730451542292,1098.6332664609283,1095.993538790552,1090.3406915579194,0.0,0.0,0.0,0.0,0.0,0.0,0.0,0.0,0.0,0.0,0.0,0.0,0.0,0.0,0.0,0.0,0.0,0.0,0.0,0.0,0.0,0.0,0.0,0.0,0.0,0.0,0.0,0.0,0.0,0.0,0.0,0.0,0.0,0.0,0.0,0.0,0.0,0.0,0.0,0.0,0.0,0.0,0.0,0.0,0.0,0.0,0.0006091097501009789,0.0015532556918867984,0.0014087421960306452,0.0014087421960306452,0.0014087421960306452,0.0009362994009570025,0.0009362994009570025,0.0009362994009570025,0.0005453105212338414,0.0005453105212338414,0.0005453105212338414,3.746235702107437e-05,0.0,0.0,0.0,0.05503773953625557,0.12595540898594187,0.11050307980683281,0.05879020231747819,0.009524331488190449,0.0,0.0,0.0,0.0,0.0014247715732740027,0.0
-1,45-mins-accident-1-capacity-remaining-start-10am,1300,Offline,Offline,1,220,79.66,0.0,5640.92,430.61,283.84,0.0,51.19,65.26,79.41,93.62,5448.84,6840.0,65386.02,240,0.0,0.0,0.0,0.0,0.0,0.0,0.0,0.0,0.0,0.0,0.0,0.0,0.0,0.0,0.0,0.0,0.0,0.0,0.0,0.0,0.0,0.0,0.0,0.0,0.0,0.0,0.0,0.0,0.0,0.0,0.0,0.0,0.0,0.0,0.0,0.0,0.0,0.0,0.0,0.0,0.0,0.0,0.0,0.0,0.0,0.0,0.0,0.0,0.0,0.0,0.0,0.0,0.0,0.0,0.0,0.0,0.0,0.0,0.0,0.0,0.0,0.0,0.0,0.0,0.0,0.0,0.0,0.0,0.0,0.0,0.0,0.0,0.0,0.0,0.0,0.00012005826083851547,0.010397828799989482,0.06751570510561271,0.06691958436619015,0.061726826645955066,0.06658912978820059,0.07508281404112924,0.06934671746114629,0.06553778943176371,0.04152239230755256,0.03196443979299858,0.023953632881486088,0.044461303964277755,0.07445599440821254,0.10220873011883805,0.1123891923338489,0.13319454293805794,0.1723948108866369,0.19780234610413458,0.23046948671252107,0.23027852492564327,0.20949730393532123,0.13691491415711587,0.04645972910599929,0.0004955796057570676,0.0004955796064278476,0.0,0.0,0.0,0.0,0.0,0.0,0.0,893.0617885237597,909.976421885822,921.1974168839238,943.9340889798337,955.552280946947,973.496445986731,996.8546684867097,1013.9283934104724,1025.2095028726978,1042.028835576531,1053.5329477728171,1076.6890954035227,1082.496914868878,1082.4969148688667,1082.4969148688842,1088.2445563995852,1088.244556399755,1088.2445563996812,1093.6480611804748,1093.6480611804786,1093.6480611804616,1104.7355701679214,1142.4538969638859,1173.3108922935126,1167.533149915177,1158.1953380619716,1153.803884760095,1152.5976475173068,1147.907045071432,1144.372025131939,1137.9323787011233,1132.852909693684,1127.6834897756341,1124.8488810970598,1118.3218755651815,1114.307815285229,1114.3078152851658,1114.307815285121,1114.3078152850899,1114.307815285254,1114.3078152851215,1114.3078152851622,1114.3078152850992,1114.3078152853066,1114.3078152853031,1114.307815285304,1114.3078152852058,1114.3078152852438,1114.3078152851563,1114.3078152852552,1113.4306997135202,1113.4306997135438,1111.2332129443507,1111.233212944188,1108.823414256781,1106.4342320892592,1103.9971969781614,1099.188188551814,1096.7757294396,1092.1048097060545,4.696442184252297,2.6967947372742196,1.4290942088704546,0.18285967116502325,0.07189789270640799,0.1489436847522678,0.28398763414190337,0.3106576266651231,0.32725345183016646,0.34331684160655557,0.4012842311007569,0.42352620142062924,0.561723026155752,0.6182645457778035,0.6388161121057419,0.6742489007336409,0.6636414777967121,0.6039874329803765,0.5746721768839177,0.5021387019742651,0.3275984347142777,0.2635147596142812,0.13180020789460034,0.0965962264970045,0.08033634465781025,0.056209895561900695,0.04583675590213252,0.055230773129174474,0.05523077305501804,0.061591422910205265,0.3158191305733017,0.6060575234073181,0.5598094571284614,0.5270501681974726,0.49050801455614373,0.30419503764990613,0.21739057886583546,0.13850810665372568,0.1035841909585474,0.07815516753542215,0.06919305435820179,0.06988795496285588,0.09303443104565914,0.13400112960742752,0.1621011920449862,0.22429535112517326,0.27286290089139037,0.36201130476965243,0.37981755369206094,0.37981755369206094,0.37981755369206094,0.3889358976294524,0.3889358976294524,0.3889358976294524,0.39346572835164567,0.39346572835164567,0.39346572835164567,0.40760379604903035,0.3178430881542491,0.13895780743791677,0.04212433236172282,0.0286179368821237,0.04908060153905272,0.05838792241622347,0.17404045398886175,0.21677786223662332,0.1641242630801105,0.10388372111487515,0.04123477765549069,0.014728789095551255,0.0,0.0
-1,45-mins-accident-1-capacity-remaining-start-10am,1300,Offline,Offline,1,225,81.44,0.0,5841.91,445.95,289.69,0.0,53.6,68.5,83.48,98.55,5570.26,6840.0,66843.09,240,0.0,0.0,0.0,0.0,0.0,0.0,0.0,0.0,0.0,0.0,0.0,0.0,0.0,0.0,0.0,0.0,0.0,0.0,0.0,0.0,0.0,0.0,0.0,0.0,0.0,0.0,0.0,0.0,0.0,0.0,0.0,0.0,0.0,0.0,0.0,0.0,0.0,0.0,0.0,0.0,0.0,0.0,0.0,0.0,0.0,0.0,0.0,0.0,0.0,0.0,0.0,0.0,0.0,0.0,0.0,0.0,0.0,0.0,0.0,0.0,0.0,0.0,0.0,0.0,0.0,0.0,0.0014175056661213934,0.0,0.0,0.0,0.0,0.0,0.0,0.0,0.0,0.0,0.0,0.0,0.0,0.0,0.0,0.0,0.0,0.0,0.0,0.0,0.0,0.0,0.0,0.0,0.0,0.0,0.0,0.0,0.0,0.0,0.0,0.0,0.0,0.0,0.0,0.0,7.696382323095282e-05,0.00515921094463058,0.10006008827809645,0.13653697396442,0.1703111109968293,0.30598406140757445,924.6,944.7,958.1,984.9,998.3,1018.4,1045.2,1065.3,1078.7,1098.8,1112.2,1139.0,1145.7,1145.7,1145.7,1152.4,1152.4,1152.4,1159.1,1159.1,1159.1,1172.5,1215.1178991193638,1207.652870467361,1194.8623461709776,1179.1582281384324,1171.2947140107933,1164.9968797955923,1153.9798074372457,1149.10143950748,1141.4175944889798,1136.0324642642584,1130.8286164789904,1127.7346827805795,1120.7991222142775,1116.9275159359001,1116.9275159358128,1116.9275159358351,1116.927515935649,1116.9275159360006,1116.9275159357148,1116.9275159360034,1116.9275159357405,1116.927515935779,1116.927515935659,1116.9275159360689,1116.927515935665,1116.9275159355961,1116.9275159357242,1116.9275159356123,1115.6443347619766,1115.644334761851,1113.2397429206574,1113.239742920762,1110.9809214197408,1108.742959762519,1106.5238562000486,1102.0887682185505,1099.8690427989563,1095.460225766074,0.0,0.0,0.15671231606503253,0.3891838454556534,0.33225582906288287,0.009214009806443147,0.0,0.0,0.0,0.0,0.0,0.0,0.0,0.0,0.0,0.0,0.0,0.0,0.0,0.0,0.0,0.0,0.0,0.0,0.0,0.0,0.0015688939836203965,0.010396932621357642,0.010396932458014081,0.03805450083299557,0.009446031936423934,0.0003502559068767,0.0,0.0,0.0,0.0,0.0,0.0,0.0,0.00023521050866638204,0.0015966135140821542,0.012438473606856596,0.030776494078008605,0.01596733575406212,0.014655376561760887,0.011771334255745105,0.013601527340003281,0.02312646257979531,0.029710402598248236,0.029710402598248236,0.029710402598248236,0.038421057042022526,0.038421057042022526,0.038421057042022526,0.04804583828146151,0.04804583828146151,0.04804583828146151,0.06809442344545905,0.1488908651738273,0.023918578005172456,0.0,0.020114848408907243,0.023858077763492785,0.02696853535756294,0.0,0.0,0.0,0.0,0.0,0.0,0.0013161826554680016,0.0
-1,45-mins-accident-1-capacity-remaining-start-10am,1300,Offline,Offline,1,230,81.44,0.0,5841.94,445.95,289.68,0.0,53.6,68.49,83.47,98.54,5570.22,6840.0,66842.61,240,0.0,0.0,0.0,0.0,0.0,0.0,0.0,0.0,0.0,0.0,0.0,0.0,0.0,0.0,0.0,0.0,0.0,0.0,0.0,0.0,0.0,0.0,0.0,0.0,0.0,0.0,0.0,0.0,0.0,0.0,0.0,0.0,0.0,0.0,0.0,0.0,0.0,0.0,0.0,0.0,0.0,0.0,0.0,0.0,0.0,0.0,0.0,0.0,0.0,0.0,0.0,0.0,0.0,0.0,0.0,0.0,0.0,0.0,0.0,0.0,0.0,0.0,0.0,0.0,0.0,0.0,0.0,0.0,0.0,0.0,0.0,0.0,0.0,0.0,0.0,0.0,0.0,0.0,0.0,0.0,0.0,0.0,0.0,0.0,0.0,0.0,0.0,0.0,0.0,0.0,0.0,0.0,0.0,0.0,0.0,0.0,0.0,0.0,0.0,0.0,0.0,0.0,0.0,0.0,0.008992189302523998,0.034273051925990096,0.06538399785293743,0.21894807869687916,924.6,944.7,958.1,984.9,998.3,1018.4,1045.2,1065.3,1078.7,1098.8,1112.2,1139.0,1145.7,1145.7,1145.7,1152.4,1152.4,1152.4,1159.1,1159.1,1159.1,1172.5,1215.124030834243,1207.6600405606391,1194.8745275084148,1179.1690338520493,1171.300764882793,1165.0071621472682,1153.985459941304,1149.1068855908602,1141.4208844630264,1136.0450404996072,1130.8268491806489,1127.7391003771495,1120.5950134164964,1116.6911353532842,1116.6911353533733,1116.6911353533221,1116.6911353533928,1116.6911353531973,1116.6911353533064,1116.6911353532964,1116.6911353530636,1116.6911353530693,1116.691135353313,1116.6911353533662,1116.6911353533358,1116.6911353533744,1116.6911353533028,1116.6911353534763,1115.4868172593208,1115.4868172593333,1113.239297486533,1113.2392974863826,1111.175058538335,1109.116749265417,1107.0659643304714,1102.974832257814,1100.9018208212872,1096.7475286987212,0.0,0.0,0.0001250482677861024,0.0,0.0,0.0,0.0,0.0,0.0,0.0,0.0,0.0,0.0,0.0,0.0,0.0,0.0,0.0,0.0,0.0,0.0,0.0,0.0,0.0,0.0,0.0,0.0,0.0,0.0,0.002039629770119451,0.0,0.0,0.0,0.0,0.0,0.0,0.0,0.0,0.0,0.0,0.0,0.0,0.0,0.010093760725340333,0.01966123352596611,0.03921871325049574,0.04970086374447486,0.07789851009970737,0.08588701449212538,0.08588701449212538,0.08588701449212538,0.0936195155963131,0.0936195155963131,0.0936195155963131,0.10121693457220442,0.10121693457220442,0.10121693457220442,0.11629764418134961,0.04596211704893093,0.0,0.0,0.03592928620019558,0.049552126191074096,0.02857509978346338,0.0,0.0,0.0,0.0,0.00013190961431006493,0.0029228929070517795,0.0025453599447850983,0.0
-1,45-mins-accident-1-capacity-remaining-start-10am,1300,Offline,Offline,1,235,81.43,0.0,5841.89,445.95,289.65,0.0,53.6,68.49,83.47,98.54,5570.0,6840.0,66840.01,240,0.0,0.0,0.0,0.0,0.0,0.0,0.0,0.0,0.0,0.0,0.0,0.0,0.0,0.0,0.0,0.0,0.0,0.0,0.0,0.0,0.0,0.0,0.0,0.0,0.0,0.0,0.0,0.0,0.0,0.0,0.0,0.0,0.0,0.0,0.0,0.0,0.0,0.0,0.0,0.0,0.0,0.0,0.0,0.0,0.0,0.0,0.0,0.0,0.0,0.0,0.0,0.0,0.0,0.0,0.0,0.0,0.0,0.0,0.0,0.0,0.0,0.0,0.0007965527297494688,0.0007965527297494688,0.0023298252250133038,0.0023298252250133038,0.007434220349800789,0.013448345898970045,0.015586401731323635,0.014742844835049713,0.02054170838747321,0.0,0.0,0.0,0.0,0.0,0.0,0.0,0.0,0.0,0.0,0.0,0.0,0.0,0.0,0.0,0.0,0.0,0.0,0.0,0.0,0.0,0.0,0.0,0.0,0.0,0.0,0.0,0.0,0.0,0.0,0.0,0.0,0.0,0.0,0.0,0.0,0.0,924.6,944.7,958.1,984.9,998.3,1018.4,1045.2,1065.3,1078.7,1098.8,1112.2,1139.0,1145.7,1145.7,1145.7,1152.4,1152.4,1152.4,1159.1,1159.1,1159.1,1172.5,1215.113358237933,1207.6398906845427,1194.843790862356,1179.123058046812,1171.2467320714247,1164.9550326657254,1153.9286159458657,1149.0505422272404,1141.3632533984414,1135.990507079272,1130.293392240947,1127.2888454962767,1120.6338068448956,1116.8552052330456,1116.8552052330103,1116.8552052328675,1116.8552052330733,1116.8552052331916,1116.8552052329383,1116.8552052330165,1116.855205233023,1116.8552052330701,1116.8552052330415,1116.8552052330033,1116.855205232961,1116.8552052329605,1116.8552052330076,1116.8552052330267,1115.5861916579636,1115.5861916582635,1113.2189327391154,1113.218932739099,1111.0270522867902,1108.84752523108,1106.6817699127002,1102.360843755086,1100.1967038419466,1095.9181779662067,0.0,0.0,0.0,0.04236611138665499,0.19012563118873596,0.0,0.0,0.0,0.0,0.0,0.0364083810122595,0.04873210903548728,0.04033538370391726,0.004629740644254482,0.0,0.0,0.0,0.0,0.0,0.0,0.0,0.0,0.0,0.0,0.0,0.0,0.0,0.0,0.0,0.02186275220587838,0.0,0.0,0.0,0.0,0.0,0.0,0.0,0.0,0.0,0.0,0.0,0.0,0.0,0.0,0.0,0.0,0.0,0.0,0.0,0.0,0.0,0.0,0.0,0.0,0.0,0.0,0.0,0.0,0.0,0.0,0.00030526351343488565,0.09533696859207229,0.10464625473049555,0.10475969733038132,0.0,0.0,0.0,0.0,0.0,0.0,0.0,0.0
-1,45-mins-accident-1-capacity-remaining-start-10am,1300,Offline,Offline,1,240,81.43,0.0,5842.01,445.96,289.67,0.0,53.6,68.49,83.47,98.54,5570.1,6840.0,66841.16,240,0.0,0.0,0.0,0.0,0.0,0.0,0.0,0.0,0.0,0.0,0.0,0.0,0.0,0.0,0.0,0.0,0.0,0.0,0.0,0.0,0.0,0.0,0.0,0.0,0.0,0.0,0.0,0.0,0.0,0.0,0.0,0.0,0.0,0.0,0.0,0.0,0.0,0.0,0.0,0.0,0.0,0.0,0.0,0.0,0.0,0.0,0.0,0.0,0.0,0.0,0.0,0.0,0.0,0.0,0.0,0.0,0.0,0.0,0.0,0.0,0.0,0.0,0.0018167727343299516,0.0018167727343299516,0.003653745374102293,0.003653745374102293,0.0041729523381260365,0.004381550968769713,0.006781716118407294,0.009814578676092043,0.019140791719479307,0.016587273869072886,0.005443086649984487,0.0,0.0,0.0,0.0,0.0,0.0,0.0,0.0,0.0,0.0,0.0,0.0,0.0,0.0,0.0,0.0,0.0,0.0,0.0,0.0,0.0,0.0,0.0,0.0,0.0,0.0,0.0,0.0,0.0,0.0,0.0,0.0,0.0,0.0,0.0,924.6,944.7,958.1,984.9,998.3,1018.4,1045.2,1065.3,1078.7,1098.8,1112.2,1139.0,1145.7,1145.7,1145.7,1152.4,1152.4,1152.4,1159.1,1159.1,1159.1,1172.5,1215.1376871215057,1207.659321926711,1194.861716112223,1179.137058143013,1171.2562217645402,1164.9694277095214,1153.9407166454487,1149.062594066165,1141.3731392072723,1135.9990469782565,1130.3078724419097,1127.2437385486485,1120.641164390412,1117.0737059481517,1117.0737059481792,1117.0737059480186,1117.0737059483056,1117.0737059480111,1117.0737059482033,1117.073705947989,1117.0737059481298,1117.073705948164,1117.0737059480523,1117.0737059481305,1117.0737059481303,1117.0737059480948,1117.0737059481241,1117.0737059479543,1115.739697693899,1115.7396976940943,1113.240424116383,1113.2404241162412,1110.9006646165558,1108.5903357751702,1106.3004460793316,1101.7369160438666,1099.458431555536,1094.8866035584365,0.11127447644180868,0.08515453640185755,0.020114191295227377,0.0,0.0,0.0,0.0,0.0,0.006071457203384615,0.1278051356780762,0.20887882917595163,0.21124239785045074,0.11358012807831314,0.02942859356874414,0.0,0.0,0.0,0.0,0.0,0.0,0.0,0.0,0.0,0.0,0.0,0.0,0.0,0.0,0.0,0.0,0.0,0.0,0.0,0.0,0.0,0.0,0.0,0.0,0.0,0.0,0.0,0.0,0.0,0.0223436544995716,0.03111944343476101,0.03491794895342141,0.02369410803377615,0.0,0.0,0.0,0.0,0.0,0.0,0.0,0.0,0.0,0.0,0.0,0.0,0.0,0.08047538677578396,0.05827986494746958,0.0917916019345936,0.0,0.0,0.0,0.0,0.0,0.0,0.0,0.00014349054747407332,0.0
-1,45-mins-accident-1-capacity-remaining-start-10am,1300,Offline,Offline,1,245,81.44,0.0,5842.11,445.96,289.72,0.0,53.6,68.49,83.47,98.54,5570.28,6840.0,66843.4,240,0.0,0.0,0.0,0.0,0.0,0.0,0.0,0.0,0.0,0.0,0.0,0.0,0.0,0.0,0.0,0.0,0.0,0.0,0.0,0.0,0.0,0.0,0.0,0.0,0.0,0.0,0.0,0.0,0.0,0.0,0.0,0.0,0.0,0.0,0.0,0.0,0.0,0.0,0.0,0.0,0.0,0.0,0.0,0.0,0.0,0.0,0.0,0.0,0.0,0.0,0.0,0.0,0.0,0.0,0.0,0.0,0.0,0.0,0.0,0.0,0.0,0.0,0.0010044709463393994,0.0010044709463393994,0.0024113803735706036,0.0024113803735706036,0.0023892333647368823,0.0027252276188064113,0.004410127291407642,0.0073862047171387515,0.0006160955299364139,0.0,0.0,0.0,0.0,0.0,0.0,0.0,0.0063836660467668435,0.019662717053091458,0.001577910884347638,0.0,0.0,0.0,0.0,0.0,0.0,0.0,0.0,0.0,0.0,0.0,0.0,0.0,0.0,0.0,0.0,0.0,0.0,0.0,0.0,0.0,0.0,0.0,0.0,0.0,0.0,0.0,924.6,944.7,958.1,984.9,998.3,1018.4,1045.2,1065.3,1078.7,1098.8,1112.2,1139.0,1145.7,1145.7,1145.7,1152.4,1152.4,1152.4,1159.1,1159.1,1159.1,1172.5,1215.1582287484769,1207.676128055101,1194.877184113146,1179.1512198102382,1171.2635340705067,1164.979645067621,1153.9456496743437,1149.0664775376163,1141.3746391748884,1135.9997626107247,1130.3080219599674,1127.2440677711018,1120.668283807326,1117.0685253540282,1117.068525353916,1117.068525353961,1117.068525353942,1117.06852535389,1117.0685253539398,1117.0685253538138,1117.0685253538973,1117.068525353969,1117.0685253539314,1117.0685253538666,1117.068525353899,1117.0685253539114,1117.0685253539311,1117.068525353958,1115.7428641312258,1115.742864131436,1113.2582616554168,1113.258261655428,1110.921344475706,1108.6022658581562,1106.3034463708111,1101.722270657732,1099.435560713933,1094.8495540855981,0.6346306407987925,0.36563498350037676,0.08450894431038594,0.0,0.0,0.0,0.0,0.0,0.013060670858550276,0.20712836994363812,0.35038754168887865,0.3617565828062217,0.27329807465187755,0.17645089222742075,0.0,0.0,0.0,0.0,0.0,0.0,0.0,0.0,0.0,0.0,0.0,0.0,0.0,0.0,0.0,0.0,0.0,0.0,0.0,0.0,0.0,0.0,0.0,0.0,0.0,0.0,0.0607340734329167,0.16689228528817843,0.22659593069345166,0.1959660709867351,0.1597392768962843,0.1129934134667015,0.07489368797962753,0.0,0.0,0.0,0.0,0.0,0.0,0.0,0.0,0.0,0.0,0.0,0.0,0.0,0.0,0.0,0.0,0.0,0.0,0.0,0.0,0.0,0.0021353788430251808,0.0038568399939952727,0.0026326108007447687,0.0
-1,45-mins-accident-1-capacity-remaining-start-10am,1300,Offline,Offline,1,250,81.45,0.0,5843.36,446.06,289.88,0.0,53.6,68.49,83.47,98.54,5570.99,6840.0,66851.9,240,0.0,0.0,0.0,0.0,0.0,0.0,0.0,0.0,0.0,0.0,0.0,0.0,0.0,0.0,0.0,0.0,0.0,0.0,0.0,0.0,0.0,0.0,0.0,0.0,0.0,0.0,0.0,0.0,0.0,0.0,0.0,0.0,0.0,0.0,0.0,0.0,0.0,0.0,0.0,0.0,0.0,0.0,0.0,0.0,0.0,0.0,0.0,0.0,0.0,0.0,0.0,0.0,0.0,0.0,0.0,0.0,0.0,0.0,0.0,0.0,0.0,0.0,0.0022047920274843556,0.0022047920274843556,0.004835059293820294,0.004835059293820294,0.006851412657216665,0.00417295436655408,0.0008922111856681576,0.0,0.0,0.0,0.0,0.0,0.0,0.0,0.0,0.0,0.0,0.0,0.0,0.0,0.048213770786132676,0.05959769600670201,0.06283096347532714,0.039930833525115714,0.0,0.0,0.0,0.0,0.0,0.0,0.0,0.0,0.0,0.0,0.0,0.0,0.0,0.0,0.0,0.0,0.0,0.0,0.0,0.0,0.0,0.0,924.6,944.7,958.1,984.9,998.3,1018.4,1045.2,1065.3,1078.7,1098.8,1112.2,1139.0,1145.7,1145.7,1145.7,1152.4,1152.4,1152.4,1159.1,1159.1,1159.1,1172.5,1215.4181497814036,1207.716193750014,1194.8058628866052,1179.074673012598,1171.173249122861,1164.8873664678545,1153.8491359117395,1148.964593866054,1141.2651632338655,1135.8846037919343,1130.187095769068,1127.1200545298702,1120.6487085037938,1117.1329885176324,1117.1329885175173,1117.1329885175344,1117.1329885175014,1117.1329885176785,1117.1329885175303,1117.1329885175248,1117.1329885174184,1117.132988517465,1117.1329885174707,1117.1329885176347,1117.1329885175871,1117.1329885176142,1117.1329885174898,1117.132988517449,1115.811822453762,1115.8118224537288,1113.3492957892513,1113.3492957892804,1111.0056811329155,1108.6895115721236,1106.3973124023253,1101.7983487318702,1099.5199199788892,1094.9513847215185,2.215279617105713,1.093029402066205,0.15037879389343642,0.0,0.0,0.0,0.0,0.0,0.13012642040647757,0.5577549777886619,0.9118439730113294,0.9559717395096731,0.9091475931809039,0.7785929392848697,0.3794176249049649,0.0,0.0,0.0,0.0,0.0,0.0,0.0,0.0,0.0,0.0,0.11723949419246213,0.09279872715139172,0.0,0.0,0.0,0.0,0.0,0.0,0.0,0.0,0.0,0.0,0.0,0.0,0.08150236003772497,0.22413785089483956,0.38992137913336944,0.4867302904864289,0.4546454114098888,0.38648863188755256,0.22877607452015575,0.10560279816200684,0.0,0.0,0.0,0.0,0.0,0.0,0.0,0.0,0.0,0.0,0.0,0.0,0.0,0.0,0.0,0.0,0.0,0.0,0.0,0.0,0.008389799950486306,0.013799753112052582,0.01297999380687302,0.005465468485662105,0.0
-1,45-mins-accident-1-capacity-remaining-start-10am,1300,Offline,Offline,1,255,81.45,0.0,5847.59,446.38,289.91,0.0,53.6,68.49,83.47,98.54,5571.31,6840.0,66855.66,240,0.0,0.0,0.0,0.0,0.0,0.0,0.0,0.0,0.0,0.0,0.0,0.0,0.0,0.0,0.0,0.0,0.0,0.0,0.0,0.0,0.0,0.0,0.0,0.0,0.0,0.0,0.0,0.0,0.0,0.0,0.0,0.0,0.0,0.0,0.0,0.0,0.0,0.0,0.0,0.0,0.0,0.0,0.0,0.0,0.0,0.0,0.0,0.0,0.0,0.0,0.0,0.0,0.0,0.0,0.0,0.0,0.0,0.0,0.0,0.0,0.0,0.0,0.0033587345889180193,0.0033587345889180193,0.003850365943362273,0.003850365943362273,0.008935826273020864,0.007116805144168281,0.0,0.0,0.0,0.0,0.0,0.0,0.0,0.0,0.0,0.0,0.0,0.0,0.0,0.0,0.0,2.9420286654657357e-05,0.08095185750824875,0.08618855069555777,0.04526376909177079,0.0,0.0,0.0,0.0,0.0,0.0,0.0,0.0,0.0,0.0,0.0,0.0,0.0,0.0,0.0,0.0,0.0,0.0,0.0,0.0,0.0,924.6,944.7,958.1,984.9,998.3,1018.4,1045.2,1065.3,1078.7,1098.8,1112.2,1139.0,1145.7,1145.7,1145.7,1152.4,1152.4,1152.4,1159.1,1159.1,1159.1,1172.5,1216.2997584509635,1207.2740225084576,1194.2067517490825,1178.484547558338,1170.5468434375348,1164.2533590953706,1153.2212275892239,1148.3118582508,1140.5845777081822,1135.1787191650042,1129.5332753087641,1126.6181230264651,1120.7683428500718,1117.54149928476,1117.5414992846192,1117.5414992847861,1117.541499284734,1117.541499284677,1117.5414992847304,1117.541499284695,1117.5414992846631,1117.5414992847,1117.541499284713,1117.541499284796,1117.5414992846938,1117.5414992847461,1117.5414992848,1117.5414992846743,1116.234062569471,1116.23406256955,1113.7966888246901,1113.7966888246121,1111.3487688217233,1108.952722884752,1106.597204511809,1101.8759856866438,1099.5336767751223,1094.8412019073814,2.173188148706545,1.1310341520503224,0.18261679151768273,0.0,0.0,0.0,0.0,0.0,0.050664294503583666,0.5141821967532932,0.895771898800361,0.9428707860144253,0.8896960672192585,0.7479694656399486,0.31764153693993274,0.0,0.0,0.0,0.0,0.0,0.0,0.0,0.0,0.0,0.0,0.07776163486169949,0.005938628650676174,0.0,0.0,0.0,0.0,0.0,0.0,0.0,0.0,0.0,0.0,0.0,0.0,0.18150222403743693,0.3508623760125926,0.544548295863983,0.6542293511298426,0.6156133671318897,0.5375099691762822,0.36033020663815585,0.23622715576115436,0.0016205390577529654,0.0,0.0,0.0,0.0,0.0,0.0,0.0,0.0,0.0,0.0,0.0,0.0,0.0,0.0,0.0,0.0,0.0,0.0,0.011605118342185933,0.02237737683173432,0.027172398212445537,0.023940597176776497,0.008540543851857908,0.0
-1,45-mins-accident-1-capacity-remaining-start-10am,1300,Offline,Offline,1,260,81.46,0.0,5850.29,446.59,289.96,0.0,53.6,68.5,83.48,98.55,5571.58,6840.0,66858.91,240,0.0,0.0,0.0,0.0,0.0,0.0,0.0,0.0,0.0,0.0,0.0,0.0,0.0,0.0,0.0,0.0,0.0,0.0,0.0,0.0,0.0,0.0,0.0,0.0,0.0,0.0,0.0,0.0,0.0,0.0,0.0,0.0,0.0,0.0,0.0,0.0,0.0,0.0,0.0,0.0,0.0,0.0,0.0,0.0,0.0,0.0,0.0,0.0,0.0,0.0,0.0,0.0,0.0,0.0,0.0,0.0,0.0,0.0,0.0,0.0,0.0,0.0,0.0051759816115064606,0.0051759816115064606,0.010309409661625852,0.010309409661625852,0.017691649450210747,0.016167052381953775,0.005914759771975683,0.0,0.0,0.0,0.0,0.0,0.0,0.0,0.0,0.0,0.0,0.0,0.0,0.0,0.0,0.004578333041985123,0.1591785120039905,0.18367857166427573,0.15638912743560918,0.0,0.0,0.0,0.0,0.0,0.0,0.0,0.0,0.0,0.0,0.0,0.0,0.0,0.0,0.0,0.0,0.0,0.0,0.0,0.0,0.0,924.6,944.7,958.1,984.9,998.3,1018.4,1045.2,1065.3,1078.7,1098.8,1112.2,1139.0,1145.7,1145.7,1145.7,1152.4,1152.4,1152.4,1159.1,1159.1,1159.1,1172.5,1216.8606866380042,1206.955543907225,1193.5851024137676,1177.868746298543,1169.8927156240381,1163.5906748702698,1152.530649379884,1147.619674598299,1139.8823887446588,1134.5624126403522,1129.2265624585277,1126.7033068375385,1121.0323579954506,1117.8933929898851,1117.8933929897978,1117.8933929896866,1117.8933929897896,1117.8933929898126,1117.8933929900784,1117.893392989906,1117.893392989822,1117.8933929898888,1117.8933929898403,1117.8933929899342,1117.893392989923,1117.8933929897948,1117.8933929899297,1117.893392990001,1116.5971617467974,1116.5971617467778,1114.0326537946164,1114.0326537944918,1111.4935972678459,1109.020229939068,1106.5976447868184,1101.7571154941502,1099.3579197376184,1094.5585413425276,2.654365704759967,1.2881974541451195,0.14332033278427012,0.0,0.0,0.0,0.0,0.0,0.038448295236566336,0.5485613258218428,0.9392847093594687,0.9790691192191407,0.8405393918167721,0.6477935052722364,0.1037716493313166,0.0,0.0,0.0,0.0,0.0,0.0,0.0,0.0,0.0,0.00046265087624484155,0.13981408151112878,0.02662408485281947,0.0,0.0,0.0,0.0,0.0,0.0,0.0,0.0,0.0,0.0,0.0,0.0,0.2890332307439534,0.49551247855828706,0.7299381083192265,0.8597833010970315,0.812585481791252,0.7200350835869102,0.5130959303872237,0.3478445815681566,0.013490178506134673,0.0,0.0,0.0,0.0,0.0,0.0,0.0,0.0,0.0,0.0,0.0,0.0,0.0,0.0,0.0,0.0,0.0033676949000631578,0.008293527331067032,0.01970744624785145,0.033057539204009875,0.03893518601149631,0.03434855732747205,0.011981265214371708,0.0
-1,45-mins-accident-1-capacity-remaining-start-10am,1300,Offline,Offline,1,265,81.43,0.0,5850.63,446.61,289.63,0.0,53.6,68.49,83.47,98.54,5569.86,6840.0,66838.36,240,0.0,0.0,0.0,0.0,0.0,0.0,0.0,0.0,0.0,0.0,0.0,0.0,0.0,0.0,0.0,0.0,0.0,0.0,0.0,0.0,0.0,0.0,0.0,0.0,0.0,0.0,0.0,0.0,0.0,0.0,0.0,0.0,0.0,0.0,0.0,0.0,0.0,0.0,0.0,0.0,0.0,0.0,0.0,0.0,0.0,0.0,0.0,0.0,0.0,0.0,0.0,0.0,0.0,0.0,0.0,0.0,0.0,0.0,0.0,0.0,0.0,0.0,0.0,0.0,0.0,0.0,0.0,0.0,0.0,0.0,0.0,0.0,0.0,0.0,0.0,0.0,0.0,0.0,0.0,0.0,0.0,0.0,0.0,0.0,0.0,0.0,0.0,0.0,0.0,0.0,0.0,0.0,0.0,0.0,0.0,0.0,0.0,0.0,0.0,0.0,0.0,0.0,0.0,0.0,0.0,0.0,0.0,0.0,924.6,944.7,958.1,984.9,998.3,1018.4,1045.2,1065.3,1078.7,1098.8,1112.2,1139.0,1145.7,1145.7,1145.7,1152.4,1152.4,1152.4,1159.1,1159.1,1159.1,1172.5,1216.9314586081957,1206.302846706214,1192.908430472202,1177.114247224875,1169.109625752055,1162.7991865429644,1151.7056661952793,1146.8227427146487,1139.1932714726697,1134.219357609567,1129.2443497033976,1126.90307539303,1121.2338257468118,1117.9734018306103,1117.9734018307154,1117.97340183073,1117.9734018307724,1117.9734018306372,1117.9734018306697,1117.973401830602,1117.973401830566,1117.9734018307086,1117.9734018306947,1117.973401830717,1117.973401830604,1117.9734018307838,1117.973401830665,1117.9734018306156,1116.6301872209744,1116.6301872209335,1113.948220636824,1113.948220636828,1111.3241767530226,1108.776816506938,1106.2968309736923,1101.3841789915816,1098.9534426605512,1094.0745961321481,0.0,0.0,0.0,0.0,0.0,0.0,0.0,0.0,0.0,0.0,0.0,0.0,0.0,0.0,0.0,0.0,0.0,0.0,0.0,0.0,0.0,0.0,0.0,0.0,0.0,0.0,0.0,0.0,0.0,0.0,0.0,0.0,0.0,0.0,0.0,0.0,0.0,0.0,0.0,0.0,0.0,0.0,0.0,0.0,0.0,0.0,0.0,0.0,0.0,0.0,0.0,0.0,0.0,0.0,0.0,0.0,0.0,0.0,0.0,0.0,0.0,0.0,0.0,0.0,0.0,0.0,0.0,0.0,0.0,0.0,0.0,0.0
-1,45-mins-accident-1-capacity-remaining-start-10am,1300,Offline,Offline,1,270,81.43,0.0,5850.16,446.58,289.63,0.0,53.6,68.49,83.47,98.54,5569.8,6840.0,66837.61,240,0.0,0.0,0.0,0.0,0.0,0.0,0.0,0.0,0.0,0.0,0.0,0.0,0.0,0.0,0.0,0.0,0.0,0.0,0.0,0.0,0.0,0.0,0.0,0.0,0.0,0.0,0.0,0.0,0.0,0.0,0.0,0.0,0.0,0.0,0.0,0.0,0.0,0.0,0.0,0.0,0.0,0.0,0.0,0.0,0.0,0.0,0.0,0.0,0.0,0.0,0.0,0.0,0.0,0.0,0.0,0.0,0.0,0.0,0.0,0.0,0.0,0.0,0.0,0.0,0.0,0.0,0.0,0.0,0.0,0.0,0.0,0.0,0.0,0.0,0.004610084656217785,0.003108265449948918,0.0002079026128473174,0.0,0.0,0.0,0.0,0.0,0.0,0.0,0.0,0.0,0.0,0.0,0.0,0.0,0.0,0.0,0.0,0.0,0.0,0.0,0.0,0.0,0.0,0.008734585022330371,0.008734585089738879,0.020184446987755934,0.02682474467743591,0.026625982349958954,0.019869510278257167,0.016772329698873503,0.013167561469362092,0.0,924.6,944.7,958.1,984.9,998.3,1018.4,1045.2,1065.3,1078.7,1098.8,1112.2,1139.0,1145.7,1145.7,1145.7,1152.4,1152.4,1152.4,1159.1,1159.1,1159.1,1172.5,1216.8340219375596,1206.0309479108894,1192.6003944261233,1176.718832952388,1168.68909305591,1162.3720080373052,1151.254930931115,1146.411716818598,1138.9403462415567,1134.0928031444475,1129.675506193884,1127.095699087158,1121.3001922204724,1118.1060749084288,1118.1060749083322,1118.1060749083906,1118.106074908391,1118.106074908461,1118.1060749084743,1118.1060749084609,1118.106074908366,1118.106074908453,1118.1060749083954,1118.106074908299,1118.1060749084652,1118.106074908459,1118.106074908293,1118.1060749084843,1116.715745064046,1116.7157450641198,1113.971290488917,1113.9712904890544,1111.3103883681447,1108.734849637484,1106.2311567752786,1101.2608121159305,1098.797430279339,1093.8476788037876,0.0,0.0,0.0,0.0,0.0,0.0,0.0,0.0,0.0,0.0,0.0,0.0,0.0,0.0,0.0,0.0,0.0,0.0,0.0,0.0,0.0,0.0,0.0,0.0002271952591994318,0.0005597621929952498,0.0004464826448011522,0.0,0.0,0.0,0.0,0.0,0.0,0.0,0.0,0.0,0.0,0.0,0.0,0.0,0.0,0.0,0.0,0.0,0.0,0.0,0.0,0.0,0.0,0.0,0.0,0.0,0.0,0.0,0.0,0.0,0.0,0.0,0.0,0.0,0.0,0.0,0.0,0.0,0.0,0.0,0.0,0.0,0.0,0.0,0.0,0.0,0.0
-1,45-mins-accident-1-capacity-remaining-start-10am,1300,Offline,Offline,1,275,81.43,0.0,5851.68,446.69,289.68,0.0,53.64,68.54,83.52,98.59,5570.04,6840.0,66840.44,240,0.0,0.0,0.0,0.0,0.0,0.0,0.0,0.0,0.0,0.0,0.0,0.0,0.0,0.0,0.0,0.0,0.0,0.0,0.0,0.0,0.0,0.0,0.0,0.0,0.0,0.0,0.0,0.0,0.0,0.0,0.0,0.0,0.0,0.0,0.0,0.0,0.0,0.0,0.0,0.0,0.0,0.0,0.0,0.0,0.0,0.0,0.0,0.0,0.0,0.0,0.0,0.0,0.0,0.0,0.0,0.0,0.0,0.0,0.0,0.0,0.0,0.0,0.0,0.0,0.0,0.0,0.0,0.0,0.0,0.0,0.0,0.0,0.0,0.005514250709390563,0.015343550152379494,0.005215713239235618,0.01523638085308596,0.008335122860469356,0.0,0.0,0.0,0.0,0.0,0.0,0.0,0.0,0.0,0.0,0.0,0.0,0.0,0.0,0.0,0.0,0.02021778206453789,0.0722619591147083,0.1422779747646184,0.2231623522526055,0.2761020756738914,0.30658675907932326,0.3065867590218131,0.32824113770655233,0.3430329454092545,0.3447086679945335,0.3372563368747848,0.3332530102278109,0.3285157892770315,0.2949730541712775,924.6,944.7,958.1,984.9,998.3,1018.4,1045.2,1065.3,1078.7,1098.8,1112.2,1139.0,1145.7,1145.7,1145.7,1152.4,1152.4,1152.4,1159.1,1159.1,1159.1,1172.5,1217.148486593707,1206.4983507028214,1193.09832715127,1177.2191185887643,1169.210190824249,1162.9007321199556,1151.8281755687035,1146.9285571152209,1139.2611584051274,1134.2199912719693,1129.6921841262993,1127.0662402562277,1121.1703677190153,1117.8335747049218,1117.8335747049425,1117.8335747047456,1117.8335747048866,1117.833574704917,1117.8335747047122,1117.8335747049098,1117.833574704886,1117.833574704945,1117.833574704927,1117.833574704866,1117.833574704928,1117.8335747047397,1117.8335747048984,1117.8335747047681,1116.4434497373363,1116.4434497373918,1113.7281372766631,1113.7281372766606,1111.1152822498968,1108.5897724839574,1106.136723565124,1101.2679661570285,1098.858735426296,1094.027989475398,0.0,0.0,0.0,0.0,0.0,0.0024427068488403407,0.004824238691644092,0.0,0.0,0.0,0.0,0.0,0.0,0.0,0.0,0.0,0.0,0.0,0.0,0.0,0.0,0.00428267580924264,0.07767905291702755,0.09149047805128277,0.09177675019696377,0.06201507831588543,0.016039971382597638,0.0,0.0,0.0,0.0,0.0,0.0,0.0,0.0,0.0,0.0,0.0,0.0,0.0,0.0,0.0,0.0,0.0,0.0,0.0,0.0,0.0,0.0,0.0,0.0,0.0,0.0,0.0,0.0,0.0,0.0,0.0,0.0,0.0,0.0,0.0,0.0,0.0,0.0,0.0,0.0,0.0,0.0,0.0,0.0,0.0
-1,45-mins-accident-1-capacity-remaining-start-10am,1300,Offline,Offline,1,280,81.45,0.0,5849.52,446.53,289.86,0.0,53.6,68.49,83.47,98.54,5571.21,6840.0,66854.48,240,0.0,0.0,0.0,0.0,0.0,0.0,0.0,0.0,0.0,0.0,0.0,0.0,0.0,0.0,0.0,0.0,0.0,0.0,0.0,0.0,0.0,0.0,0.0,0.0,0.0,0.0,0.0,0.0,0.0,0.0,0.0,0.0,0.0,0.0,0.0,0.0,0.0,0.0,0.0,0.0,0.0,0.0,0.0,0.0,0.0,0.0,0.0,0.0,0.0,0.0,0.0,0.0,0.0,0.0,0.0,0.0,0.0,0.0,0.0,0.0,0.0,0.0,0.004659989839141173,0.004659989839141173,0.013839100561951562,0.013839100561951562,0.02482868505421065,0.03151034865954798,0.011191639464675815,0.0,0.0,0.0,0.0,0.0,0.0,0.0,0.0,0.0,0.0,0.0,0.0,0.0,0.0,0.0,0.029972119480383943,0.04267796385989979,0.01926011334365635,0.0,0.0,0.0,0.0,0.0,0.0,0.0,0.0,0.0,0.0,0.0,0.0,0.0,0.0,0.0,0.0,0.0,0.0,0.0,0.0,0.0,924.6,944.7,958.1,984.9,998.3,1018.4,1045.2,1065.3,1078.7,1098.8,1112.2,1139.0,1145.7,1145.7,1145.7,1152.4,1152.4,1152.4,1159.1,1159.1,1159.1,1172.5,1216.69965014245,1207.554554626598,1194.2137558664572,1178.3935974112767,1170.4319673403622,1164.1381956400912,1153.1389528360621,1148.2280030479324,1140.4977922920925,1135.1281567193369,1130.1658694368207,1127.2347032487862,1120.814211871422,1117.5626772736198,1117.5626772736236,1117.5626772738494,1117.5626772736757,1117.5626772737055,1117.5626772736264,1117.5626772736312,1117.562677273605,1117.5626772736641,1117.5626772737423,1117.5626772736307,1117.5626772737523,1117.562677273638,1117.562677273665,1117.562677273699,1116.230875278249,1116.2308752781908,1113.6531522065375,1113.6531522065563,1111.1934080604938,1108.8124676427615,1106.509175400044,1101.9295451271666,1099.6628639912747,1095.1132246368154,1.2157211108280555,0.5480338814364509,0.04041282340460845,0.03454292681480649,0.03290164283637888,0.03286988205080961,0.034036022288020724,0.03503684864161444,0.03725004581649693,0.054876039299775435,0.33454759857131255,0.3837584710895661,0.4794539157133697,0.44885057771222114,0.2882075068178737,0.038453834211788676,0.036006422441320574,0.034734243460375125,0.03434540867978538,0.03365247913811064,0.03266450047234758,0.032278697231700834,0.032217581944703866,0.03230148734133683,0.03227236355277023,0.031826083772760465,0.031100340009217006,0.030426416476873788,0.030426416480551433,0.029814816945213894,0.0293639634802041,0.02939226196119194,0.030121333371500074,0.030457593356498416,0.030859565121194282,0.033980263542218406,0.03643779074555067,0.05132434686306254,0.1889176367858746,0.40914188877412083,0.4779290810026855,0.5215923312617511,0.4722603481415646,0.3711669899436336,0.28694084908819695,0.1519599078647013,0.06547827818710425,0.03699451495311893,0.03657887074472088,0.03657887074472088,0.03657887074472088,0.036245466701859644,0.036245466701859644,0.036245466701859644,0.03600304973048286,0.03600304973048286,0.03600304973048286,0.0358127949346757,0.03808546203334111,0.1271818373391293,0.09335264454280612,0.0404216344510034,0.04030620661030586,0.05720747608739375,0.04493996265125989,0.05299190759024979,0.06126630375485098,0.06559960320779525,0.06982882585913187,0.06688913781706288,0.0474902156507977,0.0
-1,45-mins-accident-1-capacity-remaining-start-10am,1300,Offline,Offline,1,285,81.44,0.0,5854.44,446.9,289.71,0.0,53.6,68.49,83.47,98.54,5570.55,6840.0,66846.62,240,0.0,0.0,0.0,0.0,0.0,0.0,0.0,0.0,0.0,0.0,0.0,0.0,0.0,0.0,0.0,0.0,0.0,0.0,0.0,0.0,0.0,0.0,0.0,0.0,0.0,0.0,0.0,0.0,0.0,0.0,0.0,0.0,0.0,0.0,0.0,0.0,0.0,0.0,0.0,0.0,0.0,0.0,0.0,0.0,0.0,0.0,0.0,0.0,0.0,0.0,0.0,0.0,0.0,0.0,0.0,0.0,0.0,0.0,0.0,0.0,0.0,0.0,0.0018986406273086066,0.0018986406273086066,0.0055249181315317015,0.0055249181315317015,0.005056971385433392,0.01102776959556946,0.0,0.0,0.0,0.0,0.0,0.0,0.0,0.0,0.0,0.0,0.0,0.0,0.0,0.0,0.0,0.0,0.0,0.0,0.0,0.0,0.0,0.0,0.0,0.0,0.0,0.0,0.0,0.0,0.0,0.0,0.0,0.0,0.0,0.0,0.0,0.0,0.0,0.0,0.0,0.0,924.6,944.7,958.1,984.9,998.3,1018.4,1045.2,1065.3,1078.7,1098.8,1112.2,1139.0,1145.7,1145.7,1145.7,1152.4,1152.4,1152.4,1159.1,1159.1,1159.1,1172.5,1217.7244860405365,1206.9036644352836,1193.345020413668,1177.4681850317809,1169.4594979806104,1163.1522994331624,1152.1201028132602,1147.370618729503,1140.033057939504,1135.003858680335,1130.1072684382505,1127.320048031197,1121.2320444756567,1117.8787661740723,1117.8787661740282,1117.8787661741915,1117.8787661742176,1117.8787661742103,1117.878766174242,1117.878766174281,1117.8787661742535,1117.8787661740855,1117.8787661741,1117.8787661741687,1117.8787661741276,1117.8787661739589,1117.8787661739727,1117.8787661741228,1116.4627768865266,1116.4627768867408,1113.7794526675546,1113.7794526674243,1111.257059454455,1108.7842775832692,1106.3590798039622,1101.5772391044263,1099.2394542349916,1094.6573911695048,0.22923495786913492,0.034506989092101814,0.018843914733512084,0.013009031994174101,0.010519453225235571,0.0096191463990231,0.010932379844477072,0.012182622163883966,0.015166283588208068,0.017501389684977355,0.021938694355773388,0.02298202401423786,0.04075568054458548,0.04110908953918886,0.024466310338278546,0.018234964458672225,0.015246399137111743,0.013257958534513234,0.012655887257989804,0.011572117887097914,0.00986171562755474,0.009037607433463107,0.008328151713764003,0.008142596523240312,0.007762398671903007,0.0068468351559032034,0.005814683031653446,0.005192952626649748,0.005192952627137642,0.004983816753219344,0.004893635385603225,0.00496744643239637,0.005726545754218185,0.006290790629209625,0.006959990827223431,0.012479014095654722,0.016957603125162403,0.026730959459429052,0.07345622221637832,0.16655999717919429,0.19430066562055162,0.20911446296246472,0.18105644694746478,0.1323083415325485,0.09192738183410379,0.031221784594742834,0.021054359625091248,0.015071436584027285,0.014237944072443139,0.014237944072443139,0.014237944072443139,0.013567008089777777,0.013567008089777777,0.013567008089777777,0.013073847702454301,0.013073847702454301,0.013073847702454301,0.012635826091048474,0.01618626906598196,0.04059625570448596,0.03792701477160599,0.049078950526615386,0.04055351308807097,0.07386869233896293,0.03464315275318779,0.04429639081750345,0.04576228097494294,0.041102415111596007,0.0396174604889735,0.03354735257739285,0.014284231704449556,0.0
-1,45-mins-accident-1-capacity-remaining-start-10am,1300,Offline,Offline,1,290,81.44,0.0,5848.31,446.44,289.7,0.0,53.6,68.49,83.47,98.54,5570.42,6840.0,66844.99,240,0.0,0.0,0.0,0.0,0.0,0.0,0.0,0.0,0.0,0.0,0.0,0.0,0.0,0.0,0.0,0.0,0.0,0.0,0.0,0.0,0.0,0.0,0.0,0.0,0.0,0.0,0.0,0.0,0.0,0.0,0.0,0.0,0.0,0.0,0.0,0.0,0.0,0.0,0.0,0.0,0.0,0.0,0.0,0.0,0.0,0.0,0.0,0.0,0.0,0.0,0.0,0.0,0.0,0.0,0.0,0.0,0.0,0.0,0.0,0.0,0.0,0.0,0.0008723017299595516,0.0008723017299595516,0.004647350448245306,0.004647350448245306,0.005034415774062559,0.008749515156286313,0.0,0.0,0.0,0.0,0.0,0.0,0.0,0.0,0.0,0.0,0.0,0.0,0.0,0.0,0.0,0.0,0.0,0.0,0.0,0.0,0.0,0.0,0.0,0.0,0.0,0.0,0.0,0.0,0.0,0.0,0.0,0.0,0.0,0.0,0.0,0.0,0.0,0.0,0.0,0.0,924.6,944.7,958.1,984.9,998.3,1018.4,1045.2,1065.3,1078.7,1098.8,1112.2,1139.0,1145.7,1145.7,1145.7,1152.4,1152.4,1152.4,1159.1,1159.1,1159.1,1172.5,1216.4476736232023,1206.007479433442,1192.2622114513267,1176.3857194071804,1168.3269224892617,1162.028423509963,1151.3809372153157,1146.809984851879,1139.7677428364877,1135.0609455269528,1130.4931055890488,1127.8345346572873,1121.7054376721321,1118.1764895711565,1118.176489571168,1118.1764895712374,1118.1764895711704,1118.1764895712956,1118.1764895711851,1118.1764895712051,1118.1764895712515,1118.1764895711844,1118.1764895711947,1118.1764895712363,1118.1764895710753,1118.1764895712236,1118.1764895712454,1118.1764895711576,1116.7277195187796,1116.7277195190027,1113.9887916012992,1113.988791601294,1111.4146903836488,1108.8919993688123,1106.404575688548,1101.5148505116717,1099.1274102210198,1094.4603538539745,0.026984868613738975,0.014640131794166475,0.0104695974926334,0.00664483397217165,0.005390067280003481,0.004944656928734071,0.005487374266090564,0.00605511176663887,0.008251473211308622,0.010145562134173952,0.013484866120157356,0.014744133658070185,0.019671097259606203,0.021010927558948605,0.019801531361734934,0.014406860553418567,0.010992839804759343,0.009586241687223516,0.009137309941634895,0.008298246007236713,0.006913545186944098,0.006243637495596573,0.005799649112788458,0.005670614327638602,0.0054868089667332335,0.005025547575120593,0.004677905846908066,0.004442527202304051,0.004442527171689242,0.004296449857681236,0.004374379665945302,0.00458209262852414,0.005274672583671636,0.005435867420897174,0.005615865418811922,0.007116576185276063,0.010346393590204174,0.021884453925096924,0.058003792633988534,0.17023449966486115,0.18388943473533684,0.18961333459025467,0.16435881097629884,0.12638899278392987,0.0954993680002659,0.04789516411265354,0.02543341862540465,0.010709771414273263,0.009600965942861781,0.009600965942861781,0.009600965942861781,0.008623678835426217,0.008623678835426217,0.008623678835426217,0.007803232852839707,0.007803232852839707,0.007803232852839707,0.006701335264811299,0.008708815873068298,0.03832825621142102,0.0725523524531118,0.14074023276237962,0.07204943360092406,0.14301542233717496,0.05486041100985055,0.06362499767994986,0.05327417468239477,0.03909141441833147,0.03135189756578391,0.02390035239651255,0.0004467667546682346,0.0
-1,45-mins-accident-1-capacity-remaining-start-10am,1300,Offline,Offline,1,295,81.44,0.0,5842.38,445.98,289.69,0.0,53.6,68.49,83.47,98.54,5570.19,6840.0,66842.29,240,0.0,0.0,0.0,0.0,0.0,0.0,0.0,0.0,0.0,0.0,0.0,0.0,0.0,0.0,0.0,0.0,0.0,0.0,0.0,0.0,0.0,0.0,0.0,0.0,0.0,0.0,0.0,0.0,0.0,0.0,0.0,0.0,0.0,0.0,0.0,0.0,0.0,0.0,0.0,0.0,0.0,0.0,0.0,0.0,0.0,0.0,0.0,0.0,0.0,0.0,0.0,0.0,0.0,0.0,0.0,0.0,0.0,0.0,0.0,0.0,0.0,0.0,0.00036319027114732605,0.00036319027114732605,0.002469876156649319,0.002469876156649319,0.0017091022772749256,0.004435186815706035,0.0,0.0,0.0,0.0,0.0,0.0,0.0,0.0,0.0,0.0,0.0,0.0,0.0,0.0,0.0,0.0,0.0,0.0,0.0,0.0,0.0,0.0,0.0,0.0,0.0,0.0,0.0,0.0,0.0,0.0,0.0,0.0,0.0,0.0,0.0,0.0,0.0,0.0,0.0,0.0,924.6,944.7,958.1,984.9,998.3,1018.4,1045.2,1065.3,1078.7,1098.8,1112.2,1139.0,1145.7,1145.7,1145.7,1152.4,1152.4,1152.4,1159.1,1159.1,1159.1,1172.5,1215.2148021188318,1205.5456911338208,1191.7718540553424,1175.8866430883556,1167.79723312808,1161.5926355030492,1151.1226751213092,1146.603815701425,1139.6460743501461,1135.2905079265902,1130.5747783343531,1127.8430270219749,1121.7762555259692,1118.279336706638,1118.279336706664,1118.2793367067006,1118.2793367067402,1118.2793367067259,1118.2793367067954,1118.2793367066888,1118.2793367068866,1118.2793367067484,1118.2793367067782,1118.2793367067854,1118.2793367066504,1118.279336706652,1118.2793367066001,1118.2793367065885,1116.8065387179954,1116.8065387178976,1114.028817467519,1114.0288174676014,1111.4176993675726,1108.8700300512107,1106.3438332021228,1101.4089162877278,1098.9962457831916,1094.2977045201658,0.02507921295259178,0.019104762820328105,0.016657529105428177,0.014388866890537064,0.013514468990252397,0.013343355855118429,0.013924621528768817,0.014457714699085553,0.015713316696055017,0.017277521620271435,0.02004153498816693,0.021008441135307726,0.024102124626696222,0.0244337228993218,0.02361160680494961,0.0195724471303439,0.01757085330192234,0.016599421971374255,0.016304424652864365,0.015781688550289046,0.015309826259901127,0.015109352459682333,0.01504000242278865,0.015052060175145893,0.014927043364216819,0.014474776534958886,0.013936017025008794,0.0135346118493639,0.01353461182188808,0.013260945481160158,0.013296588135342794,0.013352180601219267,0.01329369376132937,0.01330496827671038,0.013297946732113774,0.01433208895662838,0.016395599668017208,0.02551427907547217,0.04138920369618345,0.11059217957678222,0.12093542350700152,0.12621587169921308,0.11319678442840775,0.0882906169040975,0.058859799836840615,0.03430534425808319,0.025517285491142665,0.016746803107878606,0.015890838840371464,0.015890838840371464,0.015890838840371464,0.015424861595840833,0.015424861595840833,0.015424861595840833,0.015094826810456598,0.015094826810456598,0.015094826810456598,0.01473424847270395,0.01765724347927905,0.04772732396366909,0.07999028170278942,0.046672422958398956,0.05658389461929037,0.10457291716401959,0.04790969588589482,0.05473333676802386,0.048236337452578534,0.039300800058257826,0.03231139361753036,0.026231017208692017,0.0,0.0
-1,45-mins-accident-1-capacity-remaining-start-10am,1300,Offline,Offline,1,350,81.44,0.0,5842.28,445.98,289.7,0.0,53.61,68.5,83.48,98.55,5570.19,6840.0,66842.23,240,0.0,0.0,0.0,0.0,0.0,0.0,0.0,0.0,0.0,0.0,0.0,0.0,0.0,0.0,0.0,0.0,0.0,0.0,0.0,0.0,0.0,0.0,0.0,0.0,0.0,0.0,0.0,0.0,0.0,0.0,0.0,0.0,0.0,0.0,0.0,0.0,0.0,0.0,0.0,0.0,0.0,0.0,0.0,0.0,0.0,0.0,0.0,0.0,0.0,0.0,0.0,0.0,0.0,0.0,0.0,0.0,0.0,0.0,0.0,0.0,0.0,0.0,0.0,0.0,0.0,0.0,0.0,0.0,0.0008072609843779577,0.0,0.0,0.0,0.0,0.0,0.0,0.0,0.0,0.0,0.0,0.0,0.0,0.0,0.0,0.0,0.035408914903705714,0.07666761868877596,0.15286977233359297,0.21386786536551392,0.19706452455468032,0.15041998665866427,0.1287831669537646,0.07751571972673274,0.0,0.0,0.0,0.0,0.0,0.0,0.0,0.0,0.0,0.0,0.0,0.0,0.0,0.0,0.0,0.0,924.6,944.7,958.1,984.9,998.3,1018.4,1045.2,1065.3,1078.7,1098.8,1112.2,1139.0,1145.7,1145.7,1145.7,1152.4,1152.4,1152.4,1159.1,1159.1,1159.1,1172.5,1215.195019477382,1207.5942901997248,1194.7589658934312,1179.0606995624494,1171.0856835679772,1164.8045388832759,1153.8648517686952,1149.0168927269708,1141.3588190320158,1135.9848863908426,1130.3046008786846,1127.2462266200087,1120.654049934706,1117.050939385796,1117.0509393856837,1117.0509393857446,1117.0509393857114,1117.0509393857722,1117.0509393857387,1117.0509393858167,1117.0509393856178,1117.0509393857171,1117.050939385735,1117.050939385701,1117.0509393857965,1117.0509393857621,1117.0509393855698,1117.0509393857556,1115.725248036684,1115.7252480367679,1113.2426580728818,1113.2426580727558,1110.9174489045827,1108.6128570941567,1106.3239429448133,1101.743593449309,1099.4623230024583,1094.9421876832555,0.11241395258244895,0.019042210115570384,0.0005286202408675077,0.0,0.0,0.0,0.0,0.0,0.0,7.843367012401228e-05,7.850586408067175e-05,0.0,0.0,0.0,0.0,0.0,0.0,0.0,0.0,0.0,0.0,0.0,0.0,1.030379061703589e-05,0.0008295051900365137,0.00011131614056024435,0.0,0.0,0.0,0.0,0.0,0.0,0.0,0.0,0.0,0.0,0.0008381717027919625,0.10676328992127987,0.1759265460113183,0.2572943456220772,0.2668929603964706,0.24420959327341202,0.16029767690926217,0.07601865056471328,0.018863943871406254,0.0,0.0,0.0,0.0,0.0,0.0,0.0,0.0,0.0,0.0,0.0,0.0,0.0,0.04235179895155388,0.12277552921682655,0.04837868036218992,0.05388213227995097,0.05933757610276621,0.0877396444974879,0.1266372748068231,0.12812941081950255,0.08210688197909717,0.0426505995049203,0.015970090492674085,0.010157558291832547,0.0019524874396639334,0.0
-1,45-mins-accident-1-capacity-remaining-start-10am,1300,Offline,Offline,1,450,81.44,0.0,5842.97,446.03,289.72,0.0,53.6,68.49,83.47,98.54,5570.53,6840.0,66846.36,240,0.0,0.0,0.0,0.0,0.0,0.0,0.0,0.0,0.0,0.0,0.0,0.0,0.0,0.0,0.0,0.0,0.0,0.0,0.0,0.0,0.0,0.0,0.0,0.0,0.0,0.0,0.0,0.0,0.0,0.0,0.0,0.0,0.0,0.0,0.0,0.0,0.0,0.0,0.0,0.0,0.0,0.0,0.0,0.0,0.0,0.0,0.0,0.0,0.0,0.0,0.0,0.0,0.0,0.0,0.0,0.0,0.0,0.0,0.0,0.0,0.0,0.0,0.001043449045607109,0.001043449045607109,0.009684867408087395,0.009684867408087395,0.017963026460886423,0.028634884586950342,0.03457481931682003,0.0,0.0,0.0,0.0,0.0,0.0,0.0,0.0,0.0,0.0,0.0,0.0,0.0,0.0,0.0,0.0,0.0,0.0,0.0,0.0,0.0,0.0,0.0,0.0,0.0,0.0,0.0,0.0,0.0,0.0,0.0,0.0,0.0,0.0,0.0,0.0,0.0,0.0,0.0,924.6,944.7,958.1,984.9,998.3,1018.4,1045.2,1065.3,1078.7,1098.8,1112.2,1139.0,1145.7,1145.7,1145.7,1152.4,1152.4,1152.4,1159.1,1159.1,1159.1,1172.5,1215.3383957738406,1207.6294752074052,1194.752011599282,1179.0767699257783,1171.0955118813226,1164.7766586785838,1153.9084606425747,1149.0744353132277,1141.4295025565048,1136.0747863748975,1130.9475979095687,1127.8318977418971,1120.9396765940696,1117.0452081136493,1117.0452081136298,1117.0452081137105,1117.0452081136038,1117.0452081135413,1117.045208113532,1117.0452081133894,1117.0452081134324,1117.0452081133985,1117.0452081135047,1117.045208113579,1117.0452081135973,1117.0452081135238,1117.0452081136043,1117.0452081135734,1115.7601965866606,1115.760196586702,1113.348218454911,1113.3482184549907,1111.085419431441,1108.8386314850125,1106.610472892791,1102.162945924329,1099.935754712937,1095.5069144270956,0.014063332909830546,0.014465305346937605,0.014743162699842877,0.014952437279167332,0.014872300841584099,0.01434402627278662,0.014095454159483522,0.013935558597799593,0.013646969136541794,0.013478030168696331,0.01333785193843208,0.013321030709545031,0.013398795299770285,0.01353583753421464,0.014113497880782633,0.016062340675360942,0.01892693398696432,0.02160335903626195,0.02372051760907273,0.03292100218680643,0.062119089354335286,0.08356799752551862,0.08272069633844006,0.07125627251902338,0.042821241389285995,0.020666762877541316,0.016913632248455077,0.014650856217160987,0.01465085621999243,0.013272587507529212,0.012647310293572111,0.012790003308780582,0.014272581087022961,0.01485943247819474,0.015523177379046293,0.023941351365547155,0.0673448968364212,0.14719826310250717,0.16907266368544208,0.18517722042853585,0.1795460744689785,0.1562001054322774,0.10586414048142866,0.06581107238442634,0.04392887752980941,0.02747549325538905,0.021729219543430194,0.018174699717603986,0.01753761292833567,0.01753761292833567,0.01753761292833567,0.01701199860340177,0.01701199860340177,0.01701199860340177,0.016584084895544887,0.016584084895544887,0.016584084895544887,0.016055544604096042,0.01732306689855999,0.019753174961656426,0.02390954520450706,0.08626579560679513,0.14866275603983753,0.1421408288253453,0.10973430897041311,0.10543943487828102,0.08191455376958753,0.05782252366570418,0.03248644315646374,0.022775598729435714,0.006669374725011666,0.0
-1,45-mins-accident-1-capacity-remaining-start-10am,1300,Offline,Offline,1,700,81.43,0.0,5842.95,446.03,289.76,0.0,53.62,68.52,83.5,98.57,5569.88,6840.0,66838.54,240,0.0,0.0,0.0,0.0,0.0,0.0,0.0,0.0,0.0,0.0,0.0,0.0,0.0,0.0,0.0,0.0,0.0,0.0,0.0,0.0,0.0,0.0,0.0,0.0,0.0,0.0,0.0,0.0,0.0,0.0,0.0,0.0,0.0,0.0,0.0,0.0,0.0,0.0,0.0,0.0,0.0,0.0,0.0,0.0,0.0,0.0,0.0,0.0,0.0,0.0,0.0,0.0,0.0,0.0,0.0,0.0,0.0,0.0,0.0,0.0,0.0,0.0,0.0006386110093176698,0.0006386110093176698,0.0018696399485438901,0.0018696399485438901,0.00304686744649062,0.004179584692377874,0.005275699104973226,0.007392102319396552,0.008428966127300494,0.010500751048237757,0.011023903216210856,0.012084424807799442,0.013169291586472745,0.015436097670331573,0.017241954469682307,0.021889012310214295,0.024086341203842968,0.02562259246977468,0.028865229316302216,0.03144139492773492,0.035055111435093274,0.03598798147729038,0.040807434814167036,0.0427983639136676,0.04686416838646546,0.053104737874864034,0.057304239251294305,0.06044745679269305,0.061490800790829615,0.06356750622503105,0.06766970362236854,0.07068817950322322,0.07748160231531602,0.08027009659658355,0.0838641057131662,0.08815748263283453,0.09144160427904659,0.09382631256470307,0.09382631256760886,0.09615386624399495,0.0991880915030511,0.10068464826020267,0.10365985378985446,0.10440371490441737,0.1051490568076012,0.10892232154134658,924.6,944.7,958.1,984.9,998.3,1018.4,1045.2,1065.3,1078.7,1098.8,1112.2,1139.0,1145.7,1145.7,1145.7,1152.4,1152.4,1152.4,1159.1,1159.1,1159.1,1172.5,1215.3345963748968,1207.4216351099499,1194.3502892921138,1178.7268867460868,1170.7699991324832,1164.4205921049727,1153.471446221011,1148.6863399174767,1141.1015113820376,1135.7781931993602,1130.128148478207,1127.080649656816,1120.5043989231756,1116.9555353494382,1116.9555353492792,1116.9555353492685,1116.955535349262,1116.9555353492838,1116.955535349301,1116.955535349283,1116.9555353494334,1116.9555353494147,1116.9555353492763,1116.9555353492528,1116.955535348697,1116.9555353487021,1116.9555353486853,1116.9555353487024,1115.5623535567584,1115.5623535561551,1112.970664326965,1112.970664327162,1110.5618396591292,1108.173704741821,1105.8159659976775,1101.1456762516152,1098.8214527039754,1094.1334599661632,0.25054530029655525,0.24319115235494093,0.2360936497895416,0.222662761548302,0.21324619441637674,0.19338554688821347,0.1857399533629249,0.18091650557890065,0.17190180582038558,0.16567067776267225,0.15802718659023474,0.1562290572946635,0.14787163644155135,0.1448075199477037,0.13911556379487422,0.13155495345628,0.12707464400522472,0.12396364040603249,0.12296889032231319,0.12103703545230518,0.11737813551380896,0.11478416731785128,0.10908809613651868,0.10674589085354827,0.10366586285836557,0.09982447885081598,0.09671275770728353,0.09433587560150655,0.09433587560153925,0.09191010677554239,0.08858563015066642,0.08688067444915958,0.08337996012698119,0.08248545385129896,0.08158307142069611,0.07695774047753012,0.0740967971427307,0.07117650758402537,0.06919986931849058,0.06518771372820722,0.06315823644416535,0.06009366387623533,0.05599143497086558,0.052920243598808675,0.050882243102993295,0.04784987231619142,0.04585075653891164,0.04192633744668505,0.04096311423683813,0.04096311423683813,0.04096311423683813,0.040001979337928845,0.040001979337928845,0.040001979337928845,0.03904213736689895,0.03904213736689895,0.03904213736689895,0.037133910792432716,0.030785966783160555,0.02581813811021437,0.020604009296656938,0.015340923498777697,0.012917687903483936,0.011152742659822136,0.008245636147012906,0.007071611766947152,0.0052689632086660824,0.004026305982996831,0.002739708628359931,0.0020770362524797754,0.0007088595277683237,0.0
-1,45-mins-accident-1-capacity-remaining-start-10am,1300,Offline,Offline,1,1000,81.44,0.0,5845.53,446.22,289.7,0.0,53.6,68.49,83.47,98.54,5570.33,6840.0,66843.98,240,0.0,0.0,0.0,0.0,0.0,0.0,0.0,0.0,0.0,0.0,0.0,0.0,0.0,0.0,0.0,0.0,0.0,0.0,0.0,0.0,0.0,0.0,0.0,0.0,0.0,0.0,0.0,0.0,0.0,0.0,0.0,0.0,0.0,0.0,0.0,0.0,0.0,0.0,0.0,0.0,0.0,0.0,0.0,0.0,0.0,0.0,0.0,0.0,0.0,0.0,0.0,0.0,0.0,0.0,0.0,0.0,0.0,0.0,0.0,0.0,0.0,0.0,0.0,0.0,0.007181970350005819,0.007181970350005819,0.02105427358773625,0.033434895789996526,0.0430057683082647,0.039516546806222616,0.03178635160331439,0.017909624489204853,0.011703177555248181,0.0,0.0,0.0,0.0,0.0,0.0,0.0,0.0,0.0,0.0,0.0,0.0,0.0,0.0,0.0,0.0,0.0,0.0,0.0,0.0,0.0,0.0,0.0,0.0,0.0,0.0,0.0,0.0,0.0,0.0,0.0,0.0,0.0,0.0,0.0,924.6,944.7,958.1,984.9,998.3,1018.4,1045.2,1065.3,1078.7,1098.8,1112.2,1139.0,1145.7,1145.7,1145.7,1152.4,1152.4,1152.4,1159.1,1159.1,1159.1,1172.5,1215.870749960016,1207.8097899512763,1194.524719752811,1178.948039628037,1170.9831914365454,1164.6472820514605,1153.7183960544583,1148.9174704093136,1141.3508151791684,1136.0572497424068,1130.4252573222104,1127.6002208209668,1120.9914098727802,1117.27267222512,1117.2726722251455,1117.2726722249877,1117.2726722250206,1117.2726722249574,1117.272672225125,1117.272672225083,1117.2726722250397,1117.272672225106,1117.2726722251061,1117.2726722251102,1117.2726722251255,1117.2726722251125,1117.2726722251516,1117.2726722250172,1115.8602892357683,1115.8602892356148,1113.258523060754,1113.2585230607901,1110.8425378133065,1108.4438287046344,1106.0779675460146,1101.375330127534,1099.0208381896593,1094.2575222402522,0.0,0.0,0.0,0.06561730110903102,0.11200183540765994,0.0,0.0,0.0,0.0,0.0,0.0,0.0,0.0,2.548799403679694e-05,0.04772823772514527,0.18305375373912597,0.2369556214899918,0.24833897980460282,0.24622713379959377,0.22386129282306075,0.10474113145554158,0.013481732644598244,0.0,0.0,0.0,0.0,0.0,0.0,0.0,0.0,0.0,0.00032911273618542436,0.024489143109789245,0.03349083578107486,0.042171800181667975,0.0856492575727414,0.10470778077351742,0.11370630711276569,0.11361822515029213,0.09834951182170511,0.08392238458860181,0.05571648507345542,0.016575457698040977,0.00018228836758639748,0.0,0.0,0.0,0.0,0.0,0.0,0.0,0.0,0.0,0.0,0.0,0.0,0.0,0.0,0.0,0.0,0.0,0.0,0.0,0.0,0.005242505996426512,0.010019574748601507,0.007464823671301128,0.002965675344439762,0.0,0.0,0.0,0.0
-1,45-mins-accident-1-capacity-remaining-start-10am,1300,Offline,Offline,1,10000,78.7,0.0,5822.87,444.49,279.95,0.0,50.65,64.29,77.99,91.76,5382.94,6840.0,64595.23,240,0.0,0.0,0.0,0.0,0.0,0.0,0.0,0.0,0.0,0.0,0.0,0.0,0.0,0.0,0.0,0.0,0.0,0.0,0.0,0.0,0.0,0.0,0.0,0.0,0.0,0.0,0.0,0.0,0.0,0.0,0.0,0.0,0.0,0.0,0.0,0.0,0.0,0.0,0.0,0.0,0.0,0.0,0.0,0.0,0.0,0.0,0.0,0.0,0.0,0.0,0.0,0.0,0.0,0.0,0.0,0.0,0.0,0.0,0.0,0.0,0.0,0.0,0.0,0.0,0.0,0.0,0.0,0.0,0.0,0.0,0.0,0.0,0.0,0.0,0.0,0.0,0.0,0.0,0.0,0.0,0.0,0.0,0.0,0.0,0.0,0.0,0.0,0.0,0.0,0.0,0.0,0.0,0.0,0.0,0.0,0.0,0.0,0.0,0.0,0.0,0.0,0.0,0.0,0.0,0.0,0.0,0.0,0.0,904.2562159222571,918.7411697429059,928.2305061728538,945.5538105161866,953.7146435553736,966.0289507319669,982.6578025532181,995.4185082945141,1004.0959802658297,1017.6112126452837,1027.0135073727438,1044.8665592082014,1049.2435196668173,1049.2435196667557,1049.2435196667698,1053.9745559279122,1053.9745559279672,1053.9745559280664,1059.5197966153319,1059.5197966152734,1059.5197966152853,1068.0622976829286,1106.5815346365014,1144.1741184324794,1184.188299912356,1211.1579176278558,1206.26271647243,1199.0830767908426,1181.7279167737058,1172.9614671202996,1156.7973619862016,1143.6066992504552,1129.1521535864074,1121.3983387975475,1104.8411801139982,1095.8821345381436,1095.8821345381382,1095.8821345381732,1095.882134538118,1095.8821345381582,1095.8821345381411,1095.8821345381364,1095.882134538133,1095.882134538128,1095.8821345381216,1095.8821345381398,1095.8821345381466,1095.8821345381805,1095.8821345381416,1095.8821345381464,1094.9282300449047,1094.928230044952,1092.5739465012289,1092.5739465012102,1089.731941881272,1086.7004199331723,1083.4375002060724,1076.3316263560703,1072.5476573346014,1064.8483753310973,0.5200717864702721,0.13519024240082364,0.0036660766671154964,0.0,0.0,0.0,0.0,0.0,0.0,0.0,0.01889800606275984,0.02744045871954441,0.16409056338574746,0.20566053127113354,0.2431078921332965,0.19443089563680888,0.11305452807195152,0.04231045914583183,0.03090384836663355,0.01769119435763652,0.0006571780451495526,0.0,0.0,0.0,0.0,0.0,0.0,0.0026808030470434185,0.0026808030304455686,0.011164049111767195,0.024324209599452026,0.02970039178558521,0.03792447872582767,0.038243576272614786,0.037750612020289086,0.026878594075164734,0.018977867003164027,0.01014822585815381,0.005378094640969064,0.0,0.0,0.0,0.0,0.0,0.0,0.0,0.0,0.0005010592206054918,0.0008355288007409439,0.0008355288007409439,0.0008355288007409439,0.0010406073274295668,0.0010406073274295668,0.0010406073274295668,0.0011099131437218765,0.0011099131437218765,0.0011099131437218765,0.001238406991819246,0.0,0.0,0.0,0.0013511394824149503,0.005746329896083806,0.006972920070755795,0.0040909813956895805,0.0020768938878167357,0.0,0.0,0.0,0.0,0.0,0.0
